date,factor,IC,year
2018-01-30,factor_pe,-0.49967458801050857,2018
2018-01-30,factor_momentum_20,0.3520480057320276,2018
2018-01-30,factor_vol_60,-0.05402137568664914,2018
2018-01-31,factor_pe,-0.3821471220444231,2018
2018-01-31,factor_momentum_20,0.11840518270838304,2018
2018-01-31,factor_vol_60,-0.24872522092190102,2018
2018-02-01,factor_pe,-0.05824277525674705,2018
2018-02-01,factor_momentum_20,-0.2785347504179603,2018
2018-02-01,factor_vol_60,-0.29868342488655353,2018
2018-02-02,factor_pe,-0.10080009553379504,2018
2018-02-02,factor_momentum_20,-0.30584248865536173,2018
2018-02-02,factor_vol_60,-0.3869417243850011,2018
2018-02-05,factor_pe,0.2178648196799617,2018
2018-02-05,factor_momentum_20,-0.5311201337473129,2018
2018-02-05,factor_vol_60,-0.14195724862670164,2018
2018-02-06,factor_pe,0.40456472414616657,2018
2018-02-06,factor_momentum_20,-0.6364282302364459,2018
2018-02-06,factor_vol_60,0.1278570575591115,2018
2018-02-07,factor_pe,0.35626641987102925,2018
2018-02-07,factor_momentum_20,-0.5533347265345114,2018
2018-02-07,factor_vol_60,0.29453666109386184,2018
2018-02-08,factor_pe,0.2613058275614998,2018
2018-02-08,factor_momentum_20,-0.2116790064485311,2018
2018-02-08,factor_vol_60,0.47503283974205857,2018
2018-02-09,factor_pe,0.2522719130642464,2018
2018-02-09,factor_momentum_20,-0.2691485550513493,2018
2018-02-09,factor_vol_60,0.6736058036780509,2018
2018-02-12,factor_pe,0.13611177454024356,2018
2018-02-12,factor_momentum_20,-0.08955099116312393,2018
2018-02-12,factor_vol_60,0.6627059947456411,2018
2018-02-13,factor_pe,0.37143240983998077,2018
2018-02-13,factor_momentum_20,-0.2011075949367088,2018
2018-02-13,factor_vol_60,0.39112132791975146,2018
2018-02-14,factor_pe,0.3587294005254357,2018
2018-02-14,factor_momentum_20,-0.253042154287079,2018
2018-02-14,factor_vol_60,0.1334010031048483,2018
2018-02-22,factor_pe,0.3668318605206591,2018
2018-02-22,factor_momentum_20,-0.2516031764986863,2018
2018-02-22,factor_vol_60,0.00041198949128254105,2018
2018-02-23,factor_pe,0.3875417960353474,2018
2018-02-23,factor_momentum_20,-0.19673692381179836,2018
2018-02-23,factor_vol_60,-0.04616969190351085,2018
2018-02-26,factor_pe,0.32267136374492467,2018
2018-02-26,factor_momentum_20,0.00904287079054215,2018
2018-02-26,factor_vol_60,-0.1735669930737998,2018
2018-02-27,factor_pe,0.3689127059947455,2018
2018-02-27,factor_momentum_20,-0.010472892285646044,2018
2018-02-27,factor_vol_60,0.057633747313111994,2018
2018-02-28,factor_pe,0.2841473608789108,2018
2018-02-28,factor_momentum_20,-0.13887031287317883,2018
2018-02-28,factor_vol_60,0.021393599235729633,2018
2018-03-01,factor_pe,0.13020957726295673,2018
2018-03-01,factor_momentum_20,-0.15163303080964885,2018
2018-03-01,factor_vol_60,-0.15456472414616665,2018
2018-03-02,factor_pe,0.26324038691186996,2018
2018-03-02,factor_momentum_20,-0.08225161213279195,2018
2018-03-02,factor_vol_60,0.07691067590160017,2018
2018-03-05,factor_pe,0.30277943635060894,2018
2018-03-05,factor_momentum_20,-0.04340816813947933,2018
2018-03-05,factor_vol_60,0.2571829472175781,2018
2018-03-06,factor_pe,0.1980266300453785,2018
2018-03-06,factor_momentum_20,0.15267793169333646,2018
2018-03-06,factor_vol_60,0.05071948889419631,2018
2018-03-07,factor_pe,0.27398628852689544,2018
2018-03-07,factor_momentum_20,-0.026889722254775563,2018
2018-03-07,factor_vol_60,0.16898511660611734,2018
2018-03-08,factor_pe,0.20448845658033507,2018
2018-03-08,factor_momentum_20,0.10373842728231567,2018
2018-03-08,factor_vol_60,0.19314719324973623,2018
2018-03-09,factor_pe,0.00997304582210242,2018
2018-03-09,factor_momentum_20,-0.022345599437478016,2018
2018-03-09,factor_vol_60,-0.13044650181647713,2018
2018-03-12,factor_pe,-0.036704558771827,2018
2018-03-12,factor_momentum_20,0.07031817649126916,2018
2018-03-12,factor_vol_60,-0.2747890542599319,2018
2018-03-13,factor_pe,0.04469705847884681,2018
2018-03-13,factor_momentum_20,0.04593343489980075,2018
2018-03-13,factor_vol_60,-0.2447937419430445,2018
2018-03-14,factor_pe,0.06669987108871436,2018
2018-03-14,factor_momentum_20,0.07109164420485171,2018
2018-03-14,factor_vol_60,-0.21665885386147885,2018
2018-03-15,factor_pe,0.0010986757295206838,2018
2018-03-15,factor_momentum_20,-0.05080276573303642,2018
2018-03-15,factor_vol_60,-0.2372905191609046,2018
2018-03-16,factor_pe,-0.05613793507558886,2018
2018-03-16,factor_momentum_20,-0.08782960271885616,2018
2018-03-16,factor_vol_60,-0.22972577053791152,2018
2018-03-19,factor_pe,0.1800744169694128,2018
2018-03-19,factor_momentum_20,0.18693308332356723,2018
2018-03-19,factor_vol_60,-0.08266729169108164,2018
2018-03-20,factor_pe,0.3382954412281728,2018
2018-03-20,factor_momentum_20,0.3751728583147777,2018
2018-03-20,factor_vol_60,0.036051212938005374,2018
2018-03-21,factor_pe,0.23752197351459028,2018
2018-03-21,factor_momentum_20,0.41950955115434174,2018
2018-03-21,factor_vol_60,-0.10641333645845535,2018
2018-03-22,factor_pe,0.11843431384038433,2018
2018-03-22,factor_momentum_20,0.20588597210828538,2018
2018-03-22,factor_vol_60,-0.016749677721786,2018
2018-03-23,factor_pe,0.24203386851048855,2018
2018-03-23,factor_momentum_20,0.12872084847064333,2018
2018-03-23,factor_vol_60,0.2870532052033281,2018
2018-03-26,factor_pe,0.047664947849525345,2018
2018-03-26,factor_momentum_20,-0.0335491620766436,2018
2018-03-26,factor_vol_60,0.19909762100082024,2018
2018-03-27,factor_pe,-0.05766143208719088,2018
2018-03-27,factor_momentum_20,0.0006972928630024607,2018
2018-03-27,factor_vol_60,0.06398980428923001,2018
2018-03-28,factor_pe,0.020640454705261914,2018
2018-03-28,factor_momentum_20,-0.08152173913043474,2018
2018-03-28,factor_vol_60,0.2062814953709128,2018
2018-03-29,factor_pe,0.11992851283253246,2018
2018-03-29,factor_momentum_20,0.198499941403961,2018
2018-03-29,factor_vol_60,-0.007251259814836514,2018
2018-03-30,factor_pe,-0.18385093167701855,2018
2018-03-30,factor_momentum_20,-0.1733973983358724,2018
2018-03-30,factor_vol_60,0.046501816477206116,2018
2018-04-02,factor_pe,-0.23755713113793495,2018
2018-04-02,factor_momentum_20,-0.2473924762686041,2018
2018-04-02,factor_vol_60,0.037571780147662,2018
2018-04-03,factor_pe,-0.15330774639634354,2018
2018-04-03,factor_momentum_20,-0.17560060939880456,2018
2018-04-03,factor_vol_60,-0.003685690847298721,2018
2018-04-04,factor_pe,-0.14687390132427042,2018
2018-04-04,factor_momentum_20,-0.17299894527129958,2018
2018-04-04,factor_vol_60,0.06070256650650413,2018
2018-04-09,factor_pe,0.17638286651822327,2018
2018-04-09,factor_momentum_20,0.005982655572483297,2018
2018-04-09,factor_vol_60,0.060447673737255334,2018
2018-04-10,factor_pe,0.24991503574358362,2018
2018-04-10,factor_momentum_20,0.1754629087073713,2018
2018-04-10,factor_vol_60,-0.21777217860072648,2018
2018-04-11,factor_pe,0.23452771592640326,2018
2018-04-11,factor_momentum_20,0.2897281143794678,2018
2018-04-11,factor_vol_60,-0.048057541310207404,2018
2018-04-12,factor_pe,0.18506386968240937,2018
2018-04-12,factor_momentum_20,0.17834290401968816,2018
2018-04-12,factor_vol_60,0.11063518106176017,2018
2018-04-13,factor_pe,0.15899742177428797,2018
2018-04-13,factor_momentum_20,0.2978934724012655,2018
2018-04-13,factor_vol_60,0.058639985936950634,2018
2018-04-16,factor_pe,-0.20869858197585833,2018
2018-04-16,factor_momentum_20,-0.08683932966131486,2018
2018-04-16,factor_vol_60,0.042098324153287216,2018
2018-04-17,factor_pe,-0.08447790929333172,2018
2018-04-17,factor_momentum_20,-0.13922418844486106,2018
2018-04-17,factor_vol_60,0.31865697878823374,2018
2018-04-18,factor_pe,-0.12689558185866628,2018
2018-04-18,factor_momentum_20,-0.3221317238954645,2018
2018-04-18,factor_vol_60,0.14717274112270004,2018
2018-04-19,factor_pe,-0.2344193132544239,2018
2018-04-19,factor_momentum_20,-0.18585491620766426,2018
2018-04-19,factor_vol_60,-0.08080100785186917,2018
2018-04-20,factor_pe,-0.26359721082854787,2018
2018-04-20,factor_momentum_20,-0.17639165592405945,2018
2018-04-20,factor_vol_60,-0.13574065393179413,2018
2018-04-23,factor_pe,-0.011695769365990854,2018
2018-04-23,factor_momentum_20,-0.17728231571545755,2018
2018-04-23,factor_vol_60,-0.04420485175202154,2018
2018-04-24,factor_pe,0.019480253134888072,2018
2018-04-24,factor_momentum_20,-0.14383862650884793,2018
2018-04-24,factor_vol_60,-0.17937419430446494,2018
2018-04-25,factor_pe,0.030654517754599774,2018
2018-04-25,factor_momentum_20,-0.04698523379819522,2018
2018-04-25,factor_vol_60,-0.16954470877768654,2018
2018-04-26,factor_pe,0.13413805226766665,2018
2018-04-26,factor_momentum_20,0.019184343138403833,2018
2018-04-26,factor_vol_60,0.09277510840267193,2018
2018-04-27,factor_pe,0.15869272237196758,2018
2018-04-27,factor_momentum_20,0.024941403961092217,2018
2018-04-27,factor_vol_60,0.18637056135005264,2018
2018-05-02,factor_pe,0.12080159381225823,2018
2018-05-02,factor_momentum_20,0.1688972225477557,2018
2018-05-02,factor_vol_60,0.2178659322629789,2018
2018-05-03,factor_pe,-0.0007998359310910578,2018
2018-05-03,factor_momentum_20,0.08587835462322743,2018
2018-05-03,factor_vol_60,0.10744755654517749,2018
2018-05-04,factor_pe,-0.1533927106527598,2018
2018-05-04,factor_momentum_20,0.11304933786476029,2018
2018-05-04,factor_vol_60,0.0538116723309504,2018
2018-05-07,factor_pe,-0.2970994960740652,2018
2018-05-07,factor_momentum_20,0.11266846361185978,2018
2018-05-07,factor_vol_60,0.012568850345716623,2018
2018-05-08,factor_pe,-0.0932673151294972,2018
2018-05-08,factor_momentum_20,0.150234384155631,2018
2018-05-08,factor_vol_60,-0.014687097152232502,2018
2018-05-09,factor_pe,0.05220614086487751,2018
2018-05-09,factor_momentum_20,0.13131665299425752,2018
2018-05-09,factor_vol_60,-0.009035509199578105,2018
2018-05-10,factor_pe,-0.04699988280792216,2018
2018-05-10,factor_momentum_20,0.012334466190085543,2018
2018-05-10,factor_vol_60,-0.10521504746279146,2018
2018-05-11,factor_pe,0.040191023086839306,2018
2018-05-11,factor_momentum_20,0.1647954998242118,2018
2018-05-11,factor_vol_60,-0.03274346654166177,2018
2018-05-14,factor_pe,0.20473748974569309,2018
2018-05-14,factor_momentum_20,-0.16053263799367154,2018
2018-05-14,factor_vol_60,-0.0650123051681706,2018
2018-05-15,factor_pe,0.11158736669401143,2018
2018-05-15,factor_momentum_20,-0.10106937771006674,2018
2018-05-15,factor_vol_60,-0.026552795031055888,2018
2018-05-16,factor_pe,0.14669225360365631,2018
2018-05-16,factor_momentum_20,-0.26135884214227106,2018
2018-05-16,factor_vol_60,-0.09467947966717445,2018
2018-05-17,factor_pe,0.18031759053088,2018
2018-05-17,factor_momentum_20,-0.16627797960857837,2018
2018-05-17,factor_vol_60,-0.1264092347357318,2018
2018-05-18,factor_pe,0.18636177194421646,2018
2018-05-18,factor_momentum_20,-0.0807951482479784,2018
2018-05-18,factor_vol_60,-0.09237079573420832,2018
2018-05-21,factor_pe,0.0015440056252197343,2018
2018-05-21,factor_momentum_20,0.2098031173092698,2018
2018-05-21,factor_vol_60,-0.17558596038907762,2018
2018-05-22,factor_pe,-0.12199988280792212,2018
2018-05-22,factor_momentum_20,0.16599671862182108,2018
2018-05-22,factor_vol_60,-0.27265615844368907,2018
2018-05-23,factor_pe,-0.19888667526075227,2018
2018-05-23,factor_momentum_20,0.15025196296730334,2018
2018-05-23,factor_vol_60,-0.236018985116606,2018
2018-05-24,factor_pe,-0.19916500644556417,2018
2018-05-24,factor_momentum_20,0.2997831946560411,2018
2018-05-24,factor_vol_60,-0.12059064807219026,2018
2018-05-25,factor_pe,-0.27047345599437467,2018
2018-05-25,factor_momentum_20,0.178439587483886,2018
2018-05-25,factor_vol_60,-0.11773702097738187,2018
2018-05-28,factor_pe,-0.256026602601664,2018
2018-05-28,factor_momentum_20,0.11652408297199103,2018
2018-05-28,factor_vol_60,-0.09460037501464896,2018
2018-05-29,factor_pe,-0.11970877768662833,2018
2018-05-29,factor_momentum_20,0.288869682409469,2018
2018-05-29,factor_vol_60,0.08877885854916204,2018
2018-05-30,factor_pe,-0.011376420953943507,2018
2018-05-30,factor_momentum_20,0.17411812961443798,2018
2018-05-30,factor_vol_60,0.21721844603304805,2018
2018-05-31,factor_pe,-0.12924528301886787,2018
2018-05-31,factor_momentum_20,-0.15388198757763968,2018
2018-05-31,factor_vol_60,0.06474276338919485,2018
2018-06-01,factor_pe,0.07447556545177542,2018
2018-06-01,factor_momentum_20,0.13971639517168633,2018
2018-06-01,factor_vol_60,0.24978026485409574,2018
2018-06-04,factor_pe,0.10317297550685568,2018
2018-06-04,factor_momentum_20,-0.05969764443923588,2018
2018-06-04,factor_vol_60,0.1984735731864525,2018
2018-06-05,factor_pe,0.01933804922935357,2018
2018-06-05,factor_momentum_20,0.14191971474580165,2018
2018-06-05,factor_vol_60,0.12054865424430637,2018
2018-06-06,factor_pe,-0.15259661835748786,2018
2018-06-06,factor_momentum_20,0.2232315389924085,2018
2018-06-06,factor_vol_60,-0.06419369680239244,2018
2018-06-07,factor_pe,-0.06624396135265698,2018
2018-06-07,factor_momentum_20,0.26020243846330793,2018
2018-06-07,factor_vol_60,-0.07844778007821483,2018
2018-06-08,factor_pe,-0.30316597653554167,2018
2018-06-08,factor_momentum_20,0.12399068322981362,2018
2018-06-08,factor_vol_60,-0.2713365539452495,2018
2018-06-11,factor_pe,-0.29487290085116163,2018
2018-06-11,factor_momentum_20,0.2482775477340694,2018
2018-06-11,factor_vol_60,-0.26706636760984576,2018
2018-06-12,factor_pe,-0.2926414768806072,2018
2018-06-12,factor_momentum_20,0.22071543593282716,2018
2018-06-12,factor_vol_60,-0.27788417299286855,2018
2018-06-13,factor_pe,-0.37948010121923154,2018
2018-06-13,factor_momentum_20,0.34430354267310775,2018
2018-06-13,factor_vol_60,-0.3021969174143086,2018
2018-06-14,factor_pe,-0.29390384172992856,2018
2018-06-14,factor_momentum_20,0.35990625718886576,2018
2018-06-14,factor_vol_60,-0.1693265470439383,2018
2018-06-15,factor_pe,-0.0829710144927536,2018
2018-06-15,factor_momentum_20,0.2901570048309178,2018
2018-06-15,factor_vol_60,-0.05706809293765813,2018
2018-06-19,factor_pe,0.3286318150448584,2018
2018-06-19,factor_momentum_20,-0.2603835978835978,2018
2018-06-19,factor_vol_60,0.2905250747642051,2018
2018-06-20,factor_pe,0.23604209799861967,2018
2018-06-20,factor_momentum_20,-0.39118069933287314,2018
2018-06-20,factor_vol_60,0.09757591442374047,2018
2018-06-21,factor_pe,0.2675925925925925,2018
2018-06-21,factor_momentum_20,-0.6592448815274901,2018
2018-06-21,factor_vol_60,0.13157637451115708,2018
2018-06-22,factor_pe,0.35711122613296514,2018
2018-06-22,factor_momentum_20,-0.6438463308028524,2018
2018-06-22,factor_vol_60,0.2240424430641821,2018
2018-06-25,factor_pe,0.4006469979296065,2018
2018-06-25,factor_momentum_20,-0.516390614216701,2018
2018-06-25,factor_vol_60,0.12589429491603402,2018
2018-06-26,factor_pe,0.28547849091327343,2018
2018-06-26,factor_momentum_20,-0.4151886358408096,2018
2018-06-26,factor_vol_60,0.04545376121463077,2018
2018-06-27,factor_pe,0.3450080515297905,2018
2018-06-27,factor_momentum_20,-0.22174775707384395,2018
2018-06-27,factor_vol_60,0.06097020933977454,2018
2018-06-28,factor_pe,0.21827697262479864,2018
2018-06-28,factor_momentum_20,0.05005463538072232,2018
2018-06-28,factor_vol_60,-0.026147342995169073,2018
2018-06-29,factor_pe,0.048148148148148134,2018
2018-06-29,factor_momentum_20,0.14734011962272828,2018
2018-06-29,factor_vol_60,-0.23937198067632842,2018
2018-07-02,factor_pe,-0.2715838509316769,2018
2018-07-02,factor_momentum_20,-0.0026196227283183794,2018
2018-07-02,factor_vol_60,-0.1414682539682539,2018
2018-07-03,factor_pe,-0.29114619277662745,2018
2018-07-03,factor_momentum_20,-0.04725097768576028,2018
2018-07-03,factor_vol_60,-0.14270473890039104,2018
2018-07-04,factor_pe,-0.231398090637221,2018
2018-07-04,factor_momentum_20,0.08597020933977453,2018
2018-07-04,factor_vol_60,-0.08317517828387391,2018
2018-07-05,factor_pe,-0.027924430641821936,2018
2018-07-05,factor_momentum_20,-0.15130549804462842,2018
2018-07-05,factor_vol_60,0.2940591212330342,2018
2018-07-06,factor_pe,0.04216701173222911,2018
2018-07-06,factor_momentum_20,-0.07629399585921323,2018
2018-07-06,factor_vol_60,0.3284621578099838,2018
2018-07-09,factor_pe,0.29759046856939614,2018
2018-07-09,factor_momentum_20,0.014408074957554811,2018
2018-07-09,factor_vol_60,0.3338555184380736,2018
2018-07-10,factor_pe,0.30770956911260977,2018
2018-07-10,factor_momentum_20,0.12918718360169407,2018
2018-07-10,factor_vol_60,0.2953464839301061,2018
2018-07-11,factor_pe,0.3000913118277747,2018
2018-07-11,factor_momentum_20,-0.06442211750293902,2018
2018-07-11,factor_vol_60,0.20867786965412988,2018
2018-07-12,factor_pe,0.10827719843457369,2018
2018-07-12,factor_momentum_20,0.17502939055353023,2018
2018-07-12,factor_vol_60,-0.029957900590069152,2018
2018-07-13,factor_pe,-0.18688158112004463,2018
2018-07-13,factor_momentum_20,0.032232934073424854,2018
2018-07-13,factor_vol_60,-0.17353057817181575,2018
2018-07-16,factor_pe,-0.3251533742331287,2018
2018-07-16,factor_momentum_20,-0.0852954085816182,2018
2018-07-16,factor_vol_60,-0.1907147020510583,2018
2018-07-17,factor_pe,-0.3805162858243678,2018
2018-07-17,factor_momentum_20,-0.22511964389798467,2018
2018-07-17,factor_vol_60,-0.24568244653600738,2018
2018-07-18,factor_pe,-0.32686307435671486,2018
2018-07-18,factor_momentum_20,-0.24541816992812046,2018
2018-07-18,factor_vol_60,-0.13509401965185291,2018
2018-07-19,factor_pe,-0.36031722280412976,2018
2018-07-19,factor_momentum_20,-0.30679003109049485,2018
2018-07-19,factor_vol_60,-0.20379791732477645,2018
2018-07-20,factor_pe,-0.26678249400080906,2018
2018-07-20,factor_momentum_20,-0.29682001318990686,2018
2018-07-20,factor_vol_60,-0.23402386375601988,2018
2018-07-23,factor_pe,-0.26626154809605346,2018
2018-07-23,factor_momentum_20,-0.18417654524193497,2018
2018-07-23,factor_vol_60,-0.41217627922700484,2018
2018-07-24,factor_pe,-0.2924917285982675,2018
2018-07-24,factor_momentum_20,0.07547342344589088,2018
2018-07-24,factor_vol_60,-0.47827821836500556,2018
2018-07-25,factor_pe,-0.23464179427070336,2018
2018-07-25,factor_momentum_20,0.01148020682660814,2018
2018-07-25,factor_vol_60,-0.505791366707123,2018
2018-07-26,factor_pe,-0.14848620878846822,2018
2018-07-26,factor_momentum_20,0.21556353600345812,2018
2018-07-26,factor_vol_60,-0.3847878253833662,2018
2018-07-27,factor_pe,-0.27263482246274395,2018
2018-07-27,factor_momentum_20,0.31299704612588036,2018
2018-07-27,factor_vol_60,-0.5782333283455532,2018
2018-07-30,factor_pe,-0.28069008706446974,2018
2018-07-30,factor_momentum_20,0.29177404248480104,2018
2018-07-30,factor_vol_60,-0.5983756463331502,2018
2018-07-31,factor_pe,-0.31537455456354146,2018
2018-07-31,factor_momentum_20,0.39020233760619805,2018
2018-07-31,factor_vol_60,-0.49170920134559204,2018
2018-08-01,factor_pe,-0.3666711002488347,2018
2018-08-01,factor_momentum_20,0.41773488287030097,2018
2018-08-01,factor_vol_60,-0.4502108722518717,2018
2018-08-02,factor_pe,-0.3349211099472957,2018
2018-08-02,factor_momentum_20,0.2793710963694503,2018
2018-08-02,factor_vol_60,-0.24115916005785817,2018
2018-08-03,factor_pe,-0.17205901097865778,2018
2018-08-03,factor_momentum_20,0.16388459385616347,2018
2018-08-03,factor_vol_60,0.14081611163759894,2018
2018-08-06,factor_pe,0.2356393502585332,2018
2018-08-06,factor_momentum_20,-0.09532755859255931,2018
2018-08-06,factor_vol_60,0.505126329381903,2018
2018-08-07,factor_pe,0.3476870556026623,2018
2018-08-07,factor_momentum_20,-0.15323845467493524,2018
2018-08-07,factor_vol_60,0.3701071264291374,2018
2018-08-08,factor_pe,0.40152459806806645,2018
2018-08-08,factor_momentum_20,-0.1510355185351444,2018
2018-08-08,factor_vol_60,0.32942901003652153,2018
2018-08-09,factor_pe,0.16727074223707467,2018
2018-08-09,factor_momentum_20,-0.03249261531470119,2018
2018-08-09,factor_vol_60,-0.035233123292378106,2018
2018-08-10,factor_pe,-0.058290521555522286,2018
2018-08-10,factor_momentum_20,0.19458715037048116,2018
2018-08-10,factor_vol_60,-0.3774973537056433,2018
2018-08-13,factor_pe,-0.2349576870001828,2018
2018-08-13,factor_momentum_20,0.2525340693079732,2018
2018-08-13,factor_vol_60,-0.3894042928159342,2018
2018-08-14,factor_pe,-0.15976690441751037,2018
2018-08-14,factor_momentum_20,0.17082592093814594,2018
2018-08-14,factor_vol_60,-0.1938168154687681,2018
2018-08-15,factor_pe,-0.20075814255075058,2018
2018-08-15,factor_momentum_20,0.09509756651758744,2018
2018-08-15,factor_vol_60,-0.1191414368131411,2018
2018-08-16,factor_pe,-0.025299128246906184,2018
2018-08-16,factor_momentum_20,0.08789576648322718,2018
2018-08-16,factor_vol_60,0.09385893449936542,2018
2018-08-17,factor_pe,-0.10898022068155239,2018
2018-08-17,factor_momentum_20,-0.0610144036000687,2018
2018-08-17,factor_vol_60,0.11213637698749172,2018
2018-08-20,factor_pe,-0.023395458903464283,2018
2018-08-20,factor_momentum_20,-0.32858662942457634,2018
2018-08-20,factor_vol_60,0.36636906246363066,2018
2018-08-21,factor_pe,-0.08132852289668088,2018
2018-08-21,factor_momentum_20,-0.19710043726204127,2018
2018-08-21,factor_vol_60,0.1939498229338121,2018
2018-08-22,factor_pe,0.03259791289119434,2018
2018-08-22,factor_momentum_20,-0.19757704734511553,2018
2018-08-22,factor_vol_60,0.2628560027931567,2018
2018-08-23,factor_pe,-0.1347448750561125,2018
2018-08-23,factor_momentum_20,-0.16300896137795728,2018
2018-08-23,factor_vol_60,0.008905958180236196,2018
2018-08-24,factor_pe,-0.14261171241569262,2018
2018-08-24,factor_momentum_20,-0.023118360017956,2018
2018-08-24,factor_vol_60,-0.018972960690752095,2018
2018-08-27,factor_pe,-0.10510914925100168,2018
2018-08-27,factor_momentum_20,0.12275757726902418,2018
2018-08-27,factor_vol_60,-0.15577113848848095,2018
2018-08-28,factor_pe,-0.12334502690630174,2018
2018-08-28,factor_momentum_20,0.1862381609501166,2018
2018-08-28,factor_vol_60,-0.16291474775688447,2018
2018-08-29,factor_pe,0.022988123541767106,2018
2018-08-29,factor_momentum_20,0.16664172776697087,2018
2018-08-29,factor_vol_60,-0.27107475573733236,2018
2018-08-30,factor_pe,0.06657023625450977,2018
2018-08-30,factor_momentum_20,0.26542470946181845,2018
2018-08-30,factor_vol_60,-0.21469067451410703,2018
2018-08-31,factor_pe,0.1537483166242705,2018
2018-08-31,factor_momentum_20,0.036416335533498476,2018
2018-08-31,factor_vol_60,-0.13010346872384876,2018
2018-09-03,factor_pe,-0.07153584828281818,2018
2018-09-03,factor_momentum_20,-0.040348368718861,2018
2018-09-03,factor_vol_60,-0.36538536142007627,2018
2018-09-04,factor_pe,0.06149101368314295,2018
2018-09-04,factor_momentum_20,0.03766328051828574,2018
2018-09-04,factor_vol_60,-0.3402220116270691,2018
2018-09-05,factor_pe,-0.07767635958568173,2018
2018-09-05,factor_momentum_20,0.04915180031145913,2018
2018-09-05,factor_vol_60,-0.3703509734483847,2018
2018-09-06,factor_pe,-0.17743195836866338,2018
2018-09-06,factor_momentum_20,0.13505245481902667,2018
2018-09-06,factor_vol_60,-0.3021486247582311,2018
2018-09-07,factor_pe,-0.1757028613230917,2018
2018-09-07,factor_momentum_20,0.19587288919923956,2018
2018-09-07,factor_vol_60,-0.32774424881263114,2018
2018-09-10,factor_pe,-0.028139391823366076,2018
2018-09-10,factor_momentum_20,0.3401776758053878,2018
2018-09-10,factor_vol_60,-0.2841676780775987,2018
2018-09-11,factor_pe,-0.22269606131644132,2018
2018-09-11,factor_momentum_20,0.12529857404913514,2018
2018-09-11,factor_vol_60,-0.11424509950620974,2018
2018-09-12,factor_pe,-0.17914442948110457,2018
2018-09-12,factor_momentum_20,0.015015988605693822,2018
2018-09-12,factor_vol_60,0.03675993815152874,2018
2018-09-13,factor_pe,-0.1521965628654241,2018
2018-09-13,factor_momentum_20,-0.07419876857255278,2018
2018-09-13,factor_vol_60,0.10576033163194615,2018
2018-09-14,factor_pe,-0.2586634966554164,2018
2018-09-14,factor_momentum_20,-0.06365238499010754,2018
2018-09-14,factor_vol_60,0.26853652994607646,2018
2018-09-17,factor_pe,-0.08312689466362963,2018
2018-09-17,factor_momentum_20,-0.2037896043582112,2018
2018-09-17,factor_vol_60,0.3478671698782426,2018
2018-09-18,factor_pe,-0.08970245121674118,2018
2018-09-18,factor_momentum_20,-0.17982055076174477,2018
2018-09-18,factor_vol_60,0.25948925133423106,2018
2018-09-19,factor_pe,-0.29455057331759404,2018
2018-09-19,factor_momentum_20,-0.013990722729313178,2018
2018-09-19,factor_vol_60,0.029785359203285275,2018
2018-09-20,factor_pe,-0.19800377962879828,2018
2018-09-20,factor_momentum_20,0.006484113920893808,2018
2018-09-20,factor_vol_60,0.06452524647945863,2018
2018-09-21,factor_pe,0.0016182574913683693,2018
2018-09-21,factor_momentum_20,-0.07641001767890887,2018
2018-09-21,factor_vol_60,-0.2690159110180058,2018
2018-09-25,factor_pe,-0.2109692364817308,2018
2018-09-25,factor_momentum_20,0.023401000881174448,2018
2018-09-25,factor_vol_60,-0.366715436070516,2018
2018-09-26,factor_pe,-0.23767879805587414,2018
2018-09-26,factor_momentum_20,0.018560083351344753,2018
2018-09-26,factor_vol_60,-0.4805892230701447,2018
2018-09-27,factor_pe,-0.26433016886406074,2018
2018-09-27,factor_momentum_20,0.2753753304404209,2018
2018-09-27,factor_vol_60,-0.41399681890479423,2018
2018-09-28,factor_pe,-0.2644991991842208,2018
2018-09-28,factor_momentum_20,0.34212290998165595,2018
2018-09-28,factor_vol_60,-0.3061499326649707,2018
2018-10-08,factor_pe,-0.1997578155740657,2018
2018-10-08,factor_momentum_20,0.26153701209813723,2018
2018-10-08,factor_vol_60,-0.1293830116215272,2018
2018-10-09,factor_pe,-0.2505971480982703,2018
2018-10-09,factor_momentum_20,0.3045704690175735,2018
2018-10-09,factor_vol_60,-0.21623134431753308,2018
2018-10-10,factor_pe,-0.288861733198109,2018
2018-10-10,factor_momentum_20,0.24210960923515157,2018
2018-10-10,factor_vol_60,-0.19852472553355385,2018
2018-10-11,factor_pe,-0.257078491030309,2018
2018-10-11,factor_momentum_20,0.043088876696537916,2018
2018-10-11,factor_vol_60,-0.20449620651625733,2018
2018-10-12,factor_pe,-0.16134913905376266,2018
2018-10-12,factor_momentum_20,-0.2073226151484418,2018
2018-10-12,factor_vol_60,-0.19392488403411634,2018
2018-10-15,factor_pe,-0.15158694531730588,2018
2018-10-15,factor_momentum_20,-0.32877228567786687,2018
2018-10-15,factor_vol_60,0.030866044856767576,2018
2018-10-16,factor_pe,-0.0023054627274289095,2018
2018-10-16,factor_momentum_20,-0.339047112352514,2018
2018-10-16,factor_vol_60,0.008177188111349414,2018
2018-10-17,factor_pe,-0.07566462167689159,2018
2018-10-17,factor_momentum_20,-0.20724779844935456,2018
2018-10-17,factor_vol_60,-0.1266092517775893,2018
2018-10-18,factor_pe,-0.09524442892690682,2018
2018-10-18,factor_momentum_20,-0.11959864997422977,2018
2018-10-18,factor_vol_60,-0.11305080330966905,2018
2018-10-19,factor_pe,-0.16567465265654696,2018
2018-10-19,factor_momentum_20,-0.14607544848454615,2018
2018-10-19,factor_vol_60,-0.30166647269744673,2018
2018-10-22,factor_pe,-0.18771786899873083,2018
2018-10-22,factor_momentum_20,-0.042046984887026774,2018
2018-10-22,factor_vol_60,-0.40890097040029694,2018
2018-10-23,factor_pe,-0.22343037336303825,2018
2018-10-23,factor_momentum_20,-0.00998941482257358,2018
2018-10-23,factor_vol_60,-0.37901862658708374,2018
2018-10-24,factor_pe,-0.06524016160407001,2018
2018-10-24,factor_momentum_20,0.004530566778060417,2018
2018-10-24,factor_vol_60,-0.13899002998209936,2018
2018-10-25,factor_pe,0.14428261869530756,2018
2018-10-25,factor_momentum_20,-0.20155618734101444,2018
2018-10-25,factor_vol_60,0.07855476305274298,2018
2018-10-26,factor_pe,0.2944923825516373,2018
2018-10-26,factor_momentum_20,-0.3397066077000237,2018
2018-10-26,factor_vol_60,0.47509989414822557,2018
2018-10-29,factor_pe,0.25074123951873456,2018
2018-10-29,factor_momentum_20,-0.4638967862071257,2018
2018-10-29,factor_vol_60,0.5874163854112977,2018
2018-10-30,factor_pe,0.25048353755521185,2018
2018-10-30,factor_momentum_20,-0.5980736085479462,2018
2018-10-30,factor_vol_60,0.5763435139463867,2018
2018-10-31,factor_pe,0.21752816710171186,2018
2018-10-31,factor_momentum_20,-0.5139297609745012,2018
2018-10-31,factor_vol_60,0.4686157802273318,2018
2018-11-01,factor_pe,-0.07231449615109646,2018
2018-11-01,factor_momentum_20,-0.39035474199322756,2018
2018-11-01,factor_vol_60,0.23741832510349636,2018
2018-11-02,factor_pe,-0.061507639616273445,2018
2018-11-02,factor_momentum_20,-0.19312129726614233,2018
2018-11-02,factor_vol_60,-0.0660963971602906,2018
2018-11-05,factor_pe,0.04380933379885945,2018
2018-11-05,factor_momentum_20,-0.2798754163410754,2018
2018-11-05,factor_vol_60,0.08705061488242692,2018
2018-11-06,factor_pe,0.13070200231654663,2018
2018-11-06,factor_momentum_20,-0.2419599758369771,2018
2018-11-06,factor_vol_60,0.20644698267023565,2018
2018-11-07,factor_pe,0.21110778592448495,2018
2018-11-07,factor_momentum_20,-0.036732228262977916,2018
2018-11-07,factor_vol_60,0.20242627784151046,2018
2018-11-08,factor_pe,0.3910585731624186,2018
2018-11-08,factor_momentum_20,0.16419494460793274,2018
2018-11-08,factor_vol_60,0.3105945987885236,2018
2018-11-09,factor_pe,0.2947805653925659,2018
2018-11-09,factor_momentum_20,0.3867940213144461,2018
2018-11-09,factor_vol_60,0.2351821370974445,2018
2018-11-12,factor_pe,0.19358405240494117,2018
2018-11-12,factor_momentum_20,0.24715280895140232,2018
2018-11-12,factor_vol_60,0.13775139796387734,2018
2018-11-13,factor_pe,0.10298657178800824,2018
2018-11-13,factor_momentum_20,0.1707178523727977,2018
2018-11-13,factor_vol_60,-0.10509806529558134,2018
2018-11-14,factor_pe,0.046242262013622165,2018
2018-11-14,factor_momentum_20,0.13908978558088234,2018
2018-11-14,factor_vol_60,0.040827749790790326,2018
2018-11-15,factor_pe,-0.030392205762548412,2018
2018-11-15,factor_momentum_20,0.067581647186615,2018
2018-11-15,factor_vol_60,-0.0419777101656497,2018
2018-11-16,factor_pe,-0.20752766832371794,2018
2018-11-16,factor_momentum_20,-0.2972467454735896,2018
2018-11-16,factor_vol_60,-0.2890557024179648,2018
2018-11-19,factor_pe,-0.18695861805243813,2018
2018-11-19,factor_momentum_20,-0.22777805487666322,2018
2018-11-19,factor_vol_60,-0.380667364955858,2018
2018-11-20,factor_pe,-0.05519532700439477,2018
2018-11-20,factor_momentum_20,-0.0022251040506315076,2018
2018-11-20,factor_vol_60,-0.22075359812902826,2018
2018-11-21,factor_pe,-0.054034282674115065,2018
2018-11-21,factor_momentum_20,-0.09727279276882746,2018
2018-11-21,factor_vol_60,-0.15630316834865685,2018
2018-11-22,factor_pe,-0.09575983285395223,2018
2018-11-22,factor_momentum_20,-0.2520546882360438,2018
2018-11-22,factor_vol_60,-0.28294567199250714,2018
2018-11-23,factor_pe,0.10811567215876654,2018
2018-11-23,factor_momentum_20,0.03931756086477019,2018
2018-11-23,factor_vol_60,0.07159126805991985,2018
2018-11-26,factor_pe,0.3107691710863938,2018
2018-11-26,factor_momentum_20,0.25197155857039133,2018
2018-11-26,factor_vol_60,0.48700960424737155,2018
2018-11-27,factor_pe,0.25744980353689007,2018
2018-11-27,factor_momentum_20,0.2119363115921547,2018
2018-11-27,factor_vol_60,0.4153906262989009,2018
2018-11-28,factor_pe,0.10589888107470029,2018
2018-11-28,factor_momentum_20,0.048550495729906155,2018
2018-11-28,factor_vol_60,0.18599154294201423,2018
2018-11-29,factor_pe,0.04686019252830564,2018
2018-11-29,factor_momentum_20,0.06144667786146162,2018
2018-11-29,factor_vol_60,0.26602601404337145,2018
2018-11-30,factor_pe,0.05611529530428227,2018
2018-11-30,factor_momentum_20,0.03676825111809399,2018
2018-11-30,factor_vol_60,0.1379703060834289,2018
2018-12-03,factor_pe,-0.17169878242749703,2018
2018-12-03,factor_momentum_20,-0.05915784106716321,2018
2018-12-03,factor_vol_60,-0.26500074816699076,2018
2018-12-04,factor_pe,-0.11643695169058026,2018
2018-12-04,factor_momentum_20,-0.08431564888246017,2018
2018-12-04,factor_vol_60,-0.24379159947018686,2018
2018-12-05,factor_pe,-0.19063017828542286,2018
2018-12-05,factor_momentum_20,-0.21592653554347396,2018
2018-12-05,factor_vol_60,-0.3452513563990445,2018
2018-12-06,factor_pe,-0.03379498007659012,2018
2018-12-06,factor_momentum_20,0.05421716793855053,2018
2018-12-06,factor_vol_60,0.026715103551853504,2018
2018-12-07,factor_pe,-0.14299133788883897,2018
2018-12-07,factor_momentum_20,-0.01639871204438015,2018
2018-12-07,factor_vol_60,-0.12239180674015325,2018
2018-12-10,factor_pe,-0.19895422880609168,2018
2018-12-10,factor_momentum_20,-0.02038062302913417,2018
2018-12-10,factor_vol_60,-0.17698305817413998,2018
2018-12-11,factor_pe,-0.20586230402181316,2018
2018-12-11,factor_momentum_20,0.03704257901474719,2018
2018-12-11,factor_vol_60,-0.23541490016127148,2018
2018-12-12,factor_pe,-0.2637759710930442,2018
2018-12-12,factor_momentum_20,0.016794963450656997,2018
2018-12-12,factor_vol_60,-0.39505433909144805,2018
2018-12-13,factor_pe,-0.08559307474465334,2018
2018-12-13,factor_momentum_20,-0.032719836400817985,2018
2018-12-13,factor_vol_60,-0.37335472536729447,2018
2018-12-14,factor_pe,-0.004818195421218015,2018
2018-12-14,factor_momentum_20,-0.09380109640471752,2018
2018-12-14,factor_vol_60,-0.32433719206126804,2018
2018-12-17,factor_pe,0.08896657734006229,2018
2018-12-17,factor_momentum_20,0.01730578265068763,2018
2018-12-17,factor_vol_60,-0.15091752479153345,2018
2018-12-18,factor_pe,0.055881272700066646,2018
2018-12-18,factor_momentum_20,0.15322187912342033,2018
2018-12-18,factor_vol_60,-0.17248377837933423,2018
2018-12-19,factor_pe,0.06222572878266428,2018
2018-12-19,factor_momentum_20,0.2218355937045148,2018
2018-12-19,factor_vol_60,-0.13433542366656234,2018
2018-12-20,factor_pe,-0.10032511256512452,2018
2018-12-20,factor_momentum_20,0.2951967679185994,2018
2018-12-20,factor_vol_60,-0.3314815066722892,2018
2018-12-21,factor_pe,-0.11292152408417556,2018
2018-12-21,factor_momentum_20,0.24178036537755224,2018
2018-12-21,factor_vol_60,-0.3185259749976194,2018
2018-12-24,factor_pe,-0.11838994463564266,2018
2018-12-24,factor_momentum_20,0.13881626379007792,2018
2018-12-24,factor_vol_60,-0.3174894236393562,2018
2018-12-25,factor_pe,-0.11039952117312582,2018
2018-12-25,factor_momentum_20,-0.13465373471358805,2018
2018-12-25,factor_vol_60,-0.3254499204222382,2018
2018-12-26,factor_pe,-0.04105396324459619,2018
2018-12-26,factor_momentum_20,-0.3675159495599417,2018
2018-12-26,factor_vol_60,-0.11171085386258212,2018
2018-12-27,factor_pe,0.19742630555139903,2018
2018-12-27,factor_momentum_20,-0.3584998571681199,2018
2018-12-27,factor_vol_60,0.15318651122930635,2018
2018-12-28,factor_pe,0.16955640498959365,2018
2018-12-28,factor_momentum_20,-0.34186878511283714,2018
2018-12-28,factor_vol_60,0.18457143634459208,2018
2019-01-02,factor_pe,0.12237291363432316,2019
2019-01-02,factor_momentum_20,-0.40540312597771816,2019
2019-01-02,factor_vol_60,0.2532314012487587,2019
2019-01-03,factor_pe,0.17798484621767577,2019
2019-01-03,factor_momentum_20,-0.2727354345489913,2019
2019-01-03,factor_vol_60,0.45382449362697747,2019
2019-01-04,factor_pe,0.10600301987403586,2019
2019-01-04,factor_momentum_20,-0.20057404812754204,2019
2019-01-04,factor_vol_60,0.21162515473453672,2019
2019-01-07,factor_pe,-0.12369784935997713,2019
2019-01-07,factor_momentum_20,-0.07504250948811773,2019
2019-01-07,factor_vol_60,0.016690925414552527,2019
2019-01-08,factor_pe,0.05116646035395099,2019
2019-01-08,factor_momentum_20,-0.12119217009236459,2019
2019-01-08,factor_vol_60,0.27518126045733404,2019
2019-01-09,factor_pe,-0.01643246772679662,2019
2019-01-09,factor_momentum_20,-0.036589446764517836,2019
2019-01-09,factor_vol_60,0.18977323738658466,2019
2019-01-10,factor_pe,-0.08247520846652971,2019
2019-01-10,factor_momentum_20,-0.02452355365717628,2019
2019-01-10,factor_vol_60,0.0921306435596425,2019
2019-01-11,factor_pe,-0.1387156013222151,2019
2019-01-11,factor_momentum_20,-0.12280549018540936,2019
2019-01-11,factor_vol_60,0.12496565233360084,2019
2019-01-14,factor_pe,-0.02068205623495164,2019
2019-01-14,factor_momentum_20,-0.3101546665215676,2019
2019-01-14,factor_vol_60,0.3482594915185069,2019
2019-01-15,factor_pe,-0.1804007454463836,2019
2019-01-15,factor_momentum_20,-0.30571735611388456,2019
2019-01-15,factor_vol_60,-0.06810496102730128,2019
2019-01-16,factor_pe,-0.15728918694652644,2019
2019-01-16,factor_momentum_20,-0.12498741719151713,2019
2019-01-16,factor_vol_60,-0.027021071103070202,2019
2019-01-17,factor_pe,-0.011045665392515608,2019
2019-01-17,factor_momentum_20,0.02552745772856501,2019
2019-01-17,factor_vol_60,0.12639397113435716,2019
2019-01-18,factor_pe,-0.17817528872444327,2019
2019-01-18,factor_momentum_20,0.07400595812985457,2019
2019-01-18,factor_vol_60,0.010368234189871178,2019
2019-01-21,factor_pe,-0.1426006284602723,2019
2019-01-21,factor_momentum_20,0.2319861793152231,2019
2019-01-21,factor_vol_60,-0.10987172336865586,2019
2019-01-22,factor_pe,-0.18858433202290747,2019
2019-01-22,factor_momentum_20,0.2719029287336933,2019
2019-01-22,factor_vol_60,0.00746534626528641,2019
2019-01-23,factor_pe,-0.17717138465305454,2019
2019-01-23,factor_momentum_20,0.2639968440956021,2019
2019-01-23,factor_vol_60,-0.04070844612517513,2019
2019-01-24,factor_pe,-0.37255451416756213,2019
2019-01-24,factor_momentum_20,0.16579924639179464,2019
2019-01-24,factor_vol_60,-0.14779154707330674,2019
2019-01-25,factor_pe,-0.182326935371975,2019
2019-01-25,factor_momentum_20,0.366852121393495,2019
2019-01-25,factor_vol_60,0.08539169942731216,2019
2019-01-28,factor_pe,0.060307700678791494,2019
2019-01-28,factor_momentum_20,0.315157863235074,2019
2019-01-28,factor_vol_60,0.4135350210166909,2019
2019-01-29,factor_pe,0.21585569899201498,2019
2019-01-29,factor_momentum_20,0.13880810196835933,2019
2019-01-29,factor_vol_60,0.5153401439201228,2019
2019-01-30,factor_pe,0.25833526043012794,2019
2019-01-30,factor_momentum_20,0.011905377280208941,2019
2019-01-30,factor_vol_60,0.5151442601988763,2019
2019-01-31,factor_pe,0.40078081427774676,2019
2019-01-31,factor_momentum_20,-0.07715914192047664,2019
2019-01-31,factor_vol_60,0.5688245616421584,2019
2019-02-01,factor_pe,0.44953681661746897,2019
2019-02-01,factor_momentum_20,-0.2881667188116387,2019
2019-02-01,factor_vol_60,0.45949695972140975,2019
2019-02-11,factor_pe,0.39678696285010806,2019
2019-02-11,factor_momentum_20,-0.19858256362820179,2019
2019-02-11,factor_vol_60,0.44623944064315146,2019
2019-02-12,factor_pe,0.3868893937126766,2019
2019-02-12,factor_momentum_20,-0.17372165467332307,2019
2019-02-12,factor_vol_60,0.40095493314107705,2019
2019-02-13,factor_pe,0.2967175873654999,2019
2019-02-13,factor_momentum_20,-0.10728170527661772,2019
2019-02-13,factor_vol_60,0.2807095343680709,2019
2019-02-14,factor_pe,0.2609470433800824,2019
2019-02-14,factor_momentum_20,-0.09067783929373034,2019
2019-02-14,factor_vol_60,0.3046971283990586,2019
2019-02-15,factor_pe,0.2146368669487029,2019
2019-02-15,factor_momentum_20,0.14739977963081358,2019
2019-02-15,factor_vol_60,0.42836777168664036,2019
2019-02-18,factor_pe,0.10059989389631764,2019
2019-02-18,factor_momentum_20,0.06498170391631411,2019
2019-02-18,factor_vol_60,0.23395045774216802,2019
2019-02-19,factor_pe,0.13779331546801243,2019
2019-02-19,factor_momentum_20,0.008450206085998394,2019
2019-02-19,factor_vol_60,0.21307795900044887,2019
2019-02-20,factor_pe,0.1365309537088678,2019
2019-02-20,factor_momentum_20,0.021590739052956616,2019
2019-02-20,factor_vol_60,0.12126562648783207,2019
2019-02-21,factor_pe,0.12178798307782294,2019
2019-02-21,factor_momentum_20,0.02210221321398936,2019
2019-02-21,factor_vol_60,0.10471345204249587,2019
2019-02-22,factor_pe,-0.09612721559452068,2019
2019-02-22,factor_momentum_20,-0.0639043434494579,2019
2019-02-22,factor_vol_60,-0.06648075850529837,2019
2019-02-25,factor_pe,-0.12626610259409898,2019
2019-02-25,factor_momentum_20,-0.1760994654006774,2019
2019-02-25,factor_vol_60,-0.1055813257519078,2019
2019-02-26,factor_pe,-0.09759906411110958,2019
2019-02-26,factor_momentum_20,0.015493858229156745,2019
2019-02-26,factor_vol_60,0.01947682722783725,2019
2019-02-27,factor_pe,0.10789656251275283,2019
2019-02-27,factor_momentum_20,0.18968073674044045,2019
2019-02-27,factor_vol_60,0.13660441010433527,2019
2019-02-28,factor_pe,0.25184389155659537,2019
2019-02-28,factor_momentum_20,0.32857861874770444,2019
2019-02-28,factor_vol_60,0.17233414498115976,2019
2019-03-01,factor_pe,0.30312733802184644,2019
2019-03-01,factor_momentum_20,0.0739243399126685,2019
2019-03-01,factor_vol_60,0.03606436956728741,2019
2019-03-04,factor_pe,0.3942486362956211,2019
2019-03-04,factor_momentum_20,0.18663365663216028,2019
2019-03-04,factor_vol_60,0.11931223048984531,2019
2019-03-05,factor_pe,0.3942241508304653,2019
2019-03-05,factor_momentum_20,0.28204535252268303,2019
2019-03-05,factor_vol_60,0.09053092650279541,2019
2019-03-06,factor_pe,0.21585841959925453,2019
2019-03-06,factor_momentum_20,0.04232992803993851,2019
2019-03-06,factor_vol_60,-0.040977786241889184,2019
2019-03-07,factor_pe,-0.10716199855807815,2019
2019-03-07,factor_momentum_20,-0.3855617373797831,2019
2019-03-07,factor_vol_60,-0.11967135064546405,2019
2019-03-08,factor_pe,-0.15442438752329518,2019
2019-03-08,factor_momentum_20,-0.19564702841674259,2019
2019-03-08,factor_vol_60,-0.08728524206602913,2019
2019-03-11,factor_pe,-0.27196550270020264,2019
2019-03-11,factor_momentum_20,-0.3182974439894984,2019
2019-03-11,factor_vol_60,-0.15213091562036643,2019
2019-03-12,factor_pe,-0.3101573871288071,2019
2019-03-12,factor_momentum_20,-0.41341531429815126,2019
2019-03-12,factor_vol_60,-0.22671908369948168,2019
2019-03-13,factor_pe,-0.2042958388312271,2019
2019-03-13,factor_momentum_20,-0.23878497680682326,2019
2019-03-13,factor_vol_60,-0.10584250404690325,2019
2019-03-14,factor_pe,0.14596874022281772,2019
2019-03-14,factor_momentum_20,0.13897677961721053,2019
2019-03-14,factor_vol_60,0.260838219090501,2019
2019-03-15,factor_pe,0.24490634309577894,2019
2019-03-15,factor_momentum_20,0.11931495109708486,2019
2019-03-15,factor_vol_60,0.19331546801246036,2019
2019-03-18,factor_pe,0.1120971800905962,2019
2019-03-18,factor_momentum_20,-0.09667133704242785,2019
2019-03-18,factor_vol_60,-0.06056343775930787,2019
2019-03-19,factor_pe,-0.003879585923578142,2019
2019-03-19,factor_momentum_20,-0.2906669568647722,2019
2019-03-19,factor_vol_60,-0.2334852339042074,2019
2019-03-20,factor_pe,0.0415327901187545,2019
2019-03-20,factor_momentum_20,-0.27289867098336346,2019
2019-03-20,factor_vol_60,-0.22925468964672913,2019
2019-03-21,factor_pe,-0.0760192074871111,2019
2019-03-21,factor_momentum_20,-0.3451389550147592,2019
2019-03-21,factor_vol_60,-0.2705888754369975,2019
2019-03-22,factor_pe,0.04795886441853821,2019
2019-03-22,factor_momentum_20,-0.10278182090242541,2019
2019-03-22,factor_vol_60,0.07564376368805516,2019
2019-03-25,factor_pe,0.08149034864581774,2019
2019-03-25,factor_momentum_20,-0.15746602641709628,2019
2019-03-25,factor_vol_60,0.2466257668711656,2019
2019-03-26,factor_pe,0.10990165004829076,2019
2019-03-26,factor_momentum_20,-0.08949437514453225,2019
2019-03-26,factor_vol_60,0.3956932787398147,2019
2019-03-27,factor_pe,0.1003686422809571,2019
2019-03-27,factor_momentum_20,-0.21284942799232787,2019
2019-03-27,factor_vol_60,0.37592534653734705,2019
2019-03-28,factor_pe,0.020118890536367715,2019
2019-03-28,factor_momentum_20,-0.0651857494592793,2019
2019-03-28,factor_vol_60,0.34904846761797226,2019
2019-03-29,factor_pe,-0.23738930529294136,2019
2019-03-29,factor_momentum_20,-0.12939752152680475,2019
2019-03-29,factor_vol_60,-0.061493885435229136,2019
2019-04-01,factor_pe,-0.3289295770816046,2019
2019-04-01,factor_momentum_20,-0.07336117421408457,2019
2019-04-01,factor_vol_60,-0.19104648157468743,2019
2019-04-02,factor_pe,-0.3091045121271067,2019
2019-04-02,factor_momentum_20,0.03655407887040387,2019
2019-04-02,factor_vol_60,-0.24505869710119293,2019
2019-04-03,factor_pe,-0.4502169684273529,2019
2019-04-03,factor_momentum_20,-0.020143376001523536,2019
2019-04-03,factor_vol_60,-0.403721790703685,2019
2019-04-04,factor_pe,-0.36239576673513524,2019
2019-04-04,factor_momentum_20,-0.05796253723831158,2019
2019-04-04,factor_vol_60,-0.42156081237332166,2019
2019-04-08,factor_pe,-0.21745541604886207,2019
2019-04-08,factor_momentum_20,-0.14874648021438383,2019
2019-04-08,factor_vol_60,-0.25322051881980057,2019
2019-04-09,factor_pe,-0.3356848448573721,2019
2019-04-09,factor_momentum_20,-0.12731081577408077,2019
2019-04-09,factor_vol_60,-0.3047025696135377,2019
2019-04-10,factor_pe,-0.2935780066110755,2019
2019-04-10,factor_momentum_20,-0.1815216356290724,2019
2019-04-10,factor_vol_60,-0.16866132520778634,2019
2019-04-11,factor_pe,-0.20187449838804017,2019
2019-04-11,factor_momentum_20,0.06945982343259015,2019
2019-04-11,factor_vol_60,-0.07264565451008664,2019
2019-04-12,factor_pe,-0.22011889053636768,2019
2019-04-12,factor_momentum_20,-0.002103029396161223,2019
2019-04-12,factor_vol_60,-0.0049950348917878465,2019
2019-04-15,factor_pe,0.08465441486539795,2019
2019-04-15,factor_momentum_20,0.011246990328241262,2019
2019-04-15,factor_vol_60,0.10896848176512997,2019
2019-04-16,factor_pe,0.11850148953246363,2019
2019-04-16,factor_momentum_20,-0.04002285310081209,2019
2019-04-16,factor_vol_60,0.06957680954389019,2019
2019-04-17,factor_pe,0.2608246160543033,2019
2019-04-17,factor_momentum_20,-0.08346278889448124,2019
2019-04-17,factor_vol_60,0.1750982819365282,2019
2019-04-18,factor_pe,0.059926815665256476,2019
2019-04-18,factor_momentum_20,-0.20190170446043554,2019
2019-04-18,factor_vol_60,-0.11735611388461903,2019
2019-04-19,factor_pe,0.17812087657965256,2019
2019-04-19,factor_momentum_20,-0.24814658631806616,2019
2019-04-19,factor_vol_60,-0.09175792036782608,2019
2019-04-22,factor_pe,-0.2151129732156217,2019
2019-04-22,factor_momentum_20,0.0778610585882769,2019
2019-04-22,factor_vol_60,-0.3114523961748262,2019
2019-04-23,factor_pe,-0.15825500251656166,2019
2019-04-23,factor_momentum_20,0.16920544665569354,2019
2019-04-23,factor_vol_60,-0.38579843020962273,2019
2019-04-24,factor_pe,-0.3170051555507189,2019
2019-04-24,factor_momentum_20,-0.05665392515609483,2019
2019-04-24,factor_vol_60,-0.6445254580822438,2019
2019-04-25,factor_pe,-0.2965434685021696,2019
2019-04-25,factor_momentum_20,0.037517173833199566,2019
2019-04-25,factor_vol_60,-0.5424645980982955,2019
2019-04-26,factor_pe,-0.3117870308652891,2019
2019-04-26,factor_momentum_20,-0.10003672819773372,2019
2019-04-26,factor_vol_60,-0.5837879014596057,2019
2019-04-29,factor_pe,-0.07466162447458272,2019
2019-04-29,factor_momentum_20,-0.11765266007372843,2019
2019-04-29,factor_vol_60,-0.4218274318827962,2019
2019-04-30,factor_pe,0.042169412212805894,2019
2019-04-30,factor_momentum_20,-0.06567545876239575,2019
2019-04-30,factor_vol_60,-0.15740889366506602,2019
2019-05-06,factor_pe,0.3564049895936773,2019
2019-05-06,factor_momentum_20,-0.31616992912818137,2019
2019-05-06,factor_vol_60,0.3821718607593214,2019
2019-05-07,factor_pe,0.28150939289649446,2019
2019-05-07,factor_momentum_20,-0.27470515419041525,2019
2019-05-07,factor_vol_60,0.27622053242283673,2019
2019-05-08,factor_pe,0.3548460816454232,2019
2019-05-08,factor_momentum_20,-0.020875219348958685,2019
2019-05-08,factor_vol_60,0.4000108824289581,2019
2019-05-09,factor_pe,0.34119679512467177,2019
2019-05-09,factor_momentum_20,0.012166555575204383,2019
2019-05-09,factor_vol_60,0.3337722579679784,2019
2019-05-10,factor_pe,-0.03564811665963843,2019
2019-05-10,factor_momentum_20,0.30426183124073286,2019
2019-05-10,factor_vol_60,-0.4046984887026784,2019
2019-05-13,factor_pe,0.008072041679702909,2019
2019-05-13,factor_momentum_20,0.17373797831676027,2019
2019-05-13,factor_vol_60,-0.1659869682913226,2019
2019-05-14,factor_pe,0.07001210670221593,2019
2019-05-14,factor_momentum_20,0.11407234094649923,2019
2019-05-14,factor_vol_60,-0.06901364384530626,2019
2019-05-15,factor_pe,-0.0697672520506577,2019
2019-05-15,factor_momentum_20,0.0025709738413613914,2019
2019-05-15,factor_vol_60,-0.25311441513745864,2019
2019-05-16,factor_pe,-0.14404527090446587,2019
2019-05-16,factor_momentum_20,-0.006001659570416116,2019
2019-05-16,factor_vol_60,-0.22490171806347173,2019
2019-05-17,factor_pe,-0.15245194727463168,2019
2019-05-17,factor_momentum_20,-0.17709792825758708,2019
2019-05-17,factor_vol_60,-0.06883952498197597,2019
2019-05-20,factor_pe,0.054145525281242765,2019
2019-05-20,factor_momentum_20,-0.22469223130602747,2019
2019-05-20,factor_vol_60,0.24692775427475408,2019
2019-05-21,factor_pe,0.035071347924856826,2019
2019-05-21,factor_momentum_20,0.042256471644471036,2019
2019-05-21,factor_vol_60,-0.001618761307523839,2019
2019-05-22,factor_pe,0.09513147334485056,2019
2019-05-22,factor_momentum_20,-0.10317630895215811,2019
2019-05-22,factor_vol_60,0.08377565872702786,2019
2019-05-23,factor_pe,0.04584767320065838,2019
2019-05-23,factor_momentum_20,-0.03005998938963176,2019
2019-05-23,factor_vol_60,-0.019025206426074297,2019
2019-05-24,factor_pe,0.2791234203474215,2019
2019-05-24,factor_momentum_20,-0.006915783602900166,2019
2019-05-24,factor_vol_60,0.05617781888917606,2019
2019-05-27,factor_pe,-0.08983717165671376,2019
2019-05-27,factor_momentum_20,0.11677662454259789,2019
2019-05-27,factor_vol_60,-0.3384897909213336,2019
2019-05-28,factor_pe,-0.18135839919470023,2019
2019-05-28,factor_momentum_20,0.036396283650510786,2019
2019-05-28,factor_vol_60,-0.40998462856909657,2019
2019-05-29,factor_pe,-0.30490661515650286,2019
2019-05-29,factor_momentum_20,0.02552201651408594,2019
2019-05-29,factor_vol_60,-0.5104267272455211,2019
2019-05-30,factor_pe,-0.3601349421190809,2019
2019-05-30,factor_momentum_20,-0.07634023914137635,2019
2019-05-30,factor_vol_60,-0.47067865547590215,2019
2019-05-31,factor_pe,-0.42989403234802,2019
2019-05-31,factor_momentum_20,-0.0742970631044849,2019
2019-05-31,factor_vol_60,-0.468012460381157,2019
2019-06-03,factor_pe,-0.11920340620026389,2019
2019-06-03,factor_momentum_20,-0.11877355025641721,2019
2019-06-03,factor_vol_60,0.06331669228571817,2019
2019-06-04,factor_pe,0.07092623073469997,2019
2019-06-04,factor_momentum_20,-0.09400514194768271,2019
2019-06-04,factor_vol_60,0.0792050385646076,2019
2019-06-05,factor_pe,0.17356385945342998,2019
2019-06-05,factor_momentum_20,-0.16287459360929357,2019
2019-06-05,factor_vol_60,0.18614394732904382,2019
2019-06-06,factor_pe,0.284923754982112,2019
2019-06-06,factor_momentum_20,0.024229728075306406,2019
2019-06-06,factor_vol_60,0.2058139376708881,2019
2019-06-10,factor_pe,0.26922040999551095,2019
2019-06-10,factor_momentum_20,-0.11648279896072801,2019
2019-06-10,factor_vol_60,0.11640662195802101,2019
2019-06-11,factor_pe,-0.14982384068124002,2019
2019-06-11,factor_momentum_20,0.06522111735339327,2019
2019-06-11,factor_vol_60,-0.3864704201977881,2019
2019-06-12,factor_pe,-0.013099723858365185,2019
2019-06-12,factor_momentum_20,-0.1269054452953899,2019
2019-06-12,factor_vol_60,-0.10657706800157793,2019
2019-06-13,factor_pe,0.11877082964917768,2019
2019-06-13,factor_momentum_20,-0.12011208901826886,2019
2019-06-13,factor_vol_60,0.1667922680342252,2019
2019-06-14,factor_pe,0.28872652472417376,2019
2019-06-14,factor_momentum_20,-0.2856410119413351,2019
2019-06-14,factor_vol_60,0.46678599097053386,2019
2019-06-17,factor_pe,0.33612587823578116,2019
2019-06-17,factor_momentum_20,-0.2532257633638767,2019
2019-06-17,factor_vol_60,0.5001789864558008,2019
2019-06-18,factor_pe,0.3956375390698046,2019
2019-06-18,factor_momentum_20,-0.23075361312211143,2019
2019-06-18,factor_vol_60,0.4789597414046428,2019
2019-06-19,factor_pe,0.367696951887372,2019
2019-06-19,factor_momentum_20,-0.17726337723399135,2019
2019-06-19,factor_vol_60,0.3978922341249698,2019
2019-06-20,factor_pe,0.2672428071487724,2019
2019-06-20,factor_momentum_20,-0.16559452889161963,2019
2019-06-20,factor_vol_60,0.28709694654449275,2019
2019-06-21,factor_pe,0.12737424197900243,2019
2019-06-21,factor_momentum_20,0.08566238345844573,2019
2019-06-21,factor_vol_60,0.07994550263136802,2019
2019-06-24,factor_pe,0.1941548900702588,2019
2019-06-24,factor_momentum_20,0.03309913712499665,2019
2019-06-24,factor_vol_60,0.35415008147890886,2019
2019-06-25,factor_pe,0.0073705019635081324,2019
2019-06-25,factor_momentum_20,-0.086421072315871,2019
2019-06-25,factor_vol_60,0.29664200037400146,2019
2019-06-26,factor_pe,-0.025509577111105165,2019
2019-06-26,factor_momentum_20,0.07876472631100898,2019
2019-06-26,factor_vol_60,0.12857906125611088,2019
2019-06-27,factor_pe,-0.30365987230518515,2019
2019-06-27,factor_momentum_20,-0.14302086394357916,2019
2019-06-27,factor_vol_60,-0.18614591403307237,2019
2019-06-28,factor_pe,-0.19276841289771052,2019
2019-06-28,factor_momentum_20,-0.14593273314989444,2019
2019-06-28,factor_vol_60,-0.005000935003873586,2019
2019-07-01,factor_pe,-0.3415756150989767,2019
2019-07-01,factor_momentum_20,-0.14807255630059035,2019
2019-07-01,factor_vol_60,-0.37969973018459635,2019
2019-07-02,factor_pe,-0.3197846819651109,2019
2019-07-02,factor_momentum_20,-0.1717067827852429,2019
2019-07-02,factor_vol_60,-0.36294980364918644,2019
2019-07-03,factor_pe,-0.06815643950524936,2019
2019-07-03,factor_momentum_20,0.08690460289049766,2019
2019-07-03,factor_vol_60,-0.1841503486228728,2019
2019-07-04,factor_pe,-0.028528303902973305,2019
2019-07-04,factor_momentum_20,0.22115245906018746,2019
2019-07-04,factor_vol_60,-0.15350359308631417,2019
2019-07-05,factor_pe,-0.15096305398979507,2019
2019-07-05,factor_momentum_20,0.0933614724975289,2019
2019-07-05,factor_vol_60,-0.21022627093740812,2019
2019-07-08,factor_pe,0.18598295621510427,2019
2019-07-08,factor_momentum_20,0.12601982208212,2019
2019-07-08,factor_vol_60,0.2473485961584697,2019
2019-07-09,factor_pe,0.045895332994950966,2019
2019-07-09,factor_momentum_20,-0.08399807656346002,2019
2019-07-09,factor_vol_60,0.08532043918467659,2019
2019-07-10,factor_pe,-0.018334090241230994,2019
2019-07-10,factor_momentum_20,-0.23977506478241117,2019
2019-07-10,factor_vol_60,0.20984692650869546,2019
2019-07-11,factor_pe,-0.05788208265434241,2019
2019-07-11,factor_momentum_20,-0.3234392113910185,2019
2019-07-11,factor_vol_60,0.10529746480378273,2019
2019-07-12,factor_pe,0.05736916624368871,2019
2019-07-12,factor_momentum_20,-0.2323618197846819,2019
2019-07-12,factor_vol_60,0.12807415916437365,2019
2019-07-15,factor_pe,-0.37152779632944183,2019
2019-07-15,factor_momentum_20,-0.09979429914781072,2019
2019-07-15,factor_vol_60,-0.297157588224294,2019
2019-07-16,factor_pe,-0.33512408837122315,2019
2019-07-16,factor_momentum_20,-0.05303341970988164,2019
2019-07-16,factor_vol_60,-0.20510779258942638,2019
2019-07-17,factor_pe,-0.2665963187561776,2019
2019-07-17,factor_momentum_20,0.171794940293324,2019
2019-07-17,factor_vol_60,-0.14578046109048162,2019
2019-07-18,factor_pe,-0.20212646595250175,2019
2019-07-18,factor_momentum_20,0.20238826703710625,2019
2019-07-18,factor_vol_60,0.04752223973499317,2019
2019-07-19,factor_pe,-0.2171533139208719,2019
2019-07-19,factor_momentum_20,0.18816552240002132,2019
2019-07-19,factor_vol_60,-0.026783853818822954,2019
2019-07-22,factor_pe,-0.06101033847140222,2019
2019-07-22,factor_momentum_20,0.11708919936954021,2019
2019-07-22,factor_vol_60,0.14123367082520766,2019
2019-07-23,factor_pe,-0.14555071728154298,2019
2019-07-23,factor_momentum_20,0.31365372799401586,2019
2019-07-23,factor_vol_60,0.08401677664093177,2019
2019-07-24,factor_pe,-0.12673576790532415,2019
2019-07-24,factor_momentum_20,0.14864691582293693,2019
2019-07-24,factor_vol_60,-0.03333155237357411,2019
2019-07-25,factor_pe,-0.15291587636577347,2019
2019-07-25,factor_momentum_20,0.15306280554590865,2019
2019-07-25,factor_vol_60,-0.1435524804317046,2019
2019-07-26,factor_pe,-0.1364469308917761,2019
2019-07-26,factor_momentum_20,0.10451167763050018,2019
2019-07-26,factor_vol_60,-0.16853696768565818,2019
2019-07-29,factor_pe,-0.09701123492336243,2019
2019-07-29,factor_momentum_20,0.0702992700251195,2019
2019-07-29,factor_vol_60,-0.25240603131087214,2019
2019-07-30,factor_pe,0.022736126870027733,2019
2019-07-30,factor_momentum_20,0.21173469053131405,2019
2019-07-30,factor_vol_60,-0.11512877858740346,2019
2019-07-31,factor_pe,-0.016843858832171356,2019
2019-07-31,factor_momentum_20,0.15700690623134883,2019
2019-07-31,factor_vol_60,-0.20007608004145042,2019
2019-08-01,factor_pe,0.0479658426848384,2019
2019-08-01,factor_momentum_20,0.20337375632087404,2019
2019-08-01,factor_vol_60,-0.05469236772894515,2019
2019-08-02,factor_pe,-0.08093735857966429,2019
2019-08-02,factor_momentum_20,0.1240485075850489,2019
2019-08-02,factor_vol_60,-0.17165362593542371,2019
2019-08-05,factor_pe,-0.04576476838218413,2019
2019-08-05,factor_momentum_20,0.12541007798204243,2019
2019-08-05,factor_vol_60,0.043970328783834285,2019
2019-08-06,factor_pe,-0.023315909254874687,2019
2019-08-06,factor_momentum_20,0.07751900361380193,2019
2019-08-06,factor_vol_60,-0.011421188291543961,2019
2019-08-07,factor_pe,0.10275658977772818,2019
2019-08-07,factor_momentum_20,-0.04292357235146354,2019
2019-08-07,factor_vol_60,0.15886693207232844,2019
2019-08-08,factor_pe,0.1201264502757901,2019
2019-08-08,factor_momentum_20,0.048522014022338654,2019
2019-08-08,factor_vol_60,0.13348767962432195,2019
2019-08-09,factor_pe,0.3123046349797665,2019
2019-08-09,factor_momentum_20,-0.058102852345691944,2019
2019-08-09,factor_vol_60,0.32592558584911213,2019
2019-08-12,factor_pe,0.50388992005037,2019
2019-08-12,factor_momentum_20,-0.23067862085248989,2019
2019-08-12,factor_vol_60,0.4877740685113888,2019
2019-08-13,factor_pe,0.466343107869693,2019
2019-08-13,factor_momentum_20,-0.20070046107128559,2019
2019-08-13,factor_vol_60,0.511988509290291,2019
2019-08-14,factor_pe,0.3949695351902983,2019
2019-08-14,factor_momentum_20,-0.1966446078270621,2019
2019-08-14,factor_vol_60,0.44681414826425986,2019
2019-08-15,factor_pe,0.4090810711545144,2019
2019-08-15,factor_momentum_20,-0.2517606626833954,2019
2019-08-15,factor_vol_60,0.30986220330423475,2019
2019-08-16,factor_pe,0.3062654537584195,2019
2019-08-16,factor_momentum_20,-0.11060857474536136,2019
2019-08-16,factor_vol_60,0.26365538364672614,2019
2019-08-19,factor_pe,0.07991149122370839,2019
2019-08-19,factor_momentum_20,0.17360897021530497,2019
2019-08-19,factor_vol_60,-0.13637312913331007,2019
2019-08-20,factor_pe,0.18273830242156025,2019
2019-08-20,factor_momentum_20,0.15021878573914765,2019
2019-08-20,factor_vol_60,0.04973646263239021,2019
2019-08-21,factor_pe,0.12759683755158863,2019
2019-08-21,factor_momentum_20,0.17852419074138523,2019
2019-08-21,factor_vol_60,0.005889811545920141,2019
2019-08-22,factor_pe,0.1263413057530704,2019
2019-08-22,factor_momentum_20,0.19814280741882542,2019
2019-08-22,factor_vol_60,0.08910795087265672,2019
2019-08-23,factor_pe,0.21561831833325037,2019
2019-08-23,factor_momentum_20,0.1466883794938093,2019
2019-08-23,factor_vol_60,0.1500696136442742,2019
2019-08-26,factor_pe,0.17734573119188496,2019
2019-08-26,factor_momentum_20,-0.032497140868181576,2019
2019-08-26,factor_vol_60,0.21093182835264274,2019
2019-08-27,factor_pe,0.1552980955695887,2019
2019-08-27,factor_momentum_20,-0.026766446223459788,2019
2019-08-27,factor_vol_60,0.19779722539903527,2019
2019-08-28,factor_pe,0.12146089204912729,2019
2019-08-28,factor_momentum_20,-0.13432449903038132,2019
2019-08-28,factor_vol_60,0.20490278951817403,2019
2019-08-29,factor_pe,0.1099050270995972,2019
2019-08-29,factor_momentum_20,-0.17925264780468392,2019
2019-08-29,factor_vol_60,0.2433021729401819,2019
2019-08-30,factor_pe,-0.07674158420764753,2019
2019-08-30,factor_momentum_20,-0.1333573666152851,2019
2019-08-30,factor_vol_60,0.16368405350305795,2019
2019-09-02,factor_pe,-0.02621202327084679,2019
2019-09-02,factor_momentum_20,-0.08545323454825714,2019
2019-09-02,factor_vol_60,0.24285465665556152,2019
2019-09-03,factor_pe,-0.08254686489980605,2019
2019-09-03,factor_momentum_20,-0.1808015513897866,2019
2019-09-03,factor_vol_60,0.038456566058375996,2019
2019-09-04,factor_pe,-0.06831087464571625,2019
2019-09-04,factor_momentum_20,-0.1508378499328725,2019
2019-09-04,factor_vol_60,0.020538511262493155,2019
2019-09-05,factor_pe,-0.17233106260255573,2019
2019-09-05,factor_momentum_20,-0.020928844910745353,2019
2019-09-05,factor_vol_60,-0.05802048630102926,2019
2019-09-06,factor_pe,0.029409278504301115,2019
2019-09-06,factor_momentum_20,-0.09443836706280141,2019
2019-09-06,factor_vol_60,-0.026256774899308825,2019
2019-09-09,factor_pe,-0.19152951121276904,2019
2019-09-09,factor_momentum_20,-0.21396499428173626,2019
2019-09-09,factor_vol_60,-0.1973596539207398,2019
2019-09-10,factor_pe,-0.25861468847894176,2019
2019-09-10,factor_momentum_20,-0.2119238227835512,2019
2019-09-10,factor_vol_60,-0.26116304509969657,2019
2019-09-11,factor_pe,-0.05886579483864549,2019
2019-09-11,factor_momentum_20,-0.01526776391029784,2019
2019-09-11,factor_vol_60,-0.061854209139276986,2019
2019-09-12,factor_pe,0.006643130625031074,2019
2019-09-12,factor_momentum_20,-0.2135274228034408,2019
2019-09-12,factor_vol_60,0.04720053701954152,2019
2019-09-16,factor_pe,-0.06375863955049473,2019
2019-09-16,factor_momentum_20,-0.22535428372532434,2019
2019-09-16,factor_vol_60,-0.05187956839540548,2019
2019-09-17,factor_pe,0.16058127392969015,2019
2019-09-17,factor_momentum_20,-0.07643826761473817,2019
2019-09-17,factor_vol_60,0.0921261995922629,2019
2019-09-18,factor_pe,0.06789070657848935,2019
2019-09-18,factor_momentum_20,-0.020309780717020526,2019
2019-09-18,factor_vol_60,0.0061334593008801125,2019
2019-09-19,factor_pe,-0.28362587638605724,2019
2019-09-19,factor_momentum_20,-0.1476231912883496,2019
2019-09-19,factor_vol_60,-0.39711849236736096,2019
2019-09-20,factor_pe,-0.2169161155586494,2019
2019-09-20,factor_momentum_20,-0.10584754611903928,2019
2019-09-20,factor_vol_60,-0.36032022276366155,2019
2019-09-23,factor_pe,-0.39962209735965376,2019
2019-09-23,factor_momentum_20,-0.21602854159415236,2019
2019-09-23,factor_vol_60,-0.5123464770523591,2019
2019-09-24,factor_pe,-0.5674730247128434,2019
2019-09-24,factor_momentum_20,-0.3295211575754561,2019
2019-09-24,factor_vol_60,-0.56649097508826,2019
2019-09-25,factor_pe,-0.6456392024265325,2019
2019-09-25,factor_momentum_20,-0.19904032618964737,2019
2019-09-25,factor_vol_60,-0.5184600467405895,2019
2019-09-26,factor_pe,-0.150333151011884,2019
2019-09-26,factor_momentum_20,-0.03610213316095667,2019
2019-09-26,factor_vol_60,-0.012823827755954448,2019
2019-09-27,factor_pe,-0.37820595693898845,2019
2019-09-27,factor_momentum_20,0.11254288697727607,2019
2019-09-27,factor_vol_60,-0.242205758042862,2019
2019-09-30,factor_pe,-0.2662746755506935,2019
2019-09-30,factor_momentum_20,0.3870319725523344,2019
2019-09-30,factor_vol_60,0.014342896922082436,2019
2019-10-08,factor_pe,-0.1806896723186315,2019
2019-10-08,factor_momentum_20,0.31664511958629593,2019
2019-10-08,factor_vol_60,-0.08690517627169207,2019
2019-10-09,factor_pe,-0.24621600119337667,2019
2019-10-09,factor_momentum_20,0.3592561284868976,2019
2019-10-09,factor_vol_60,-0.273820297349709,2019
2019-10-10,factor_pe,-0.37611008900601645,2019
2019-10-10,factor_momentum_20,0.32398190045248854,2019
2019-10-10,factor_vol_60,-0.40626522798468484,2019
2019-10-11,factor_pe,-0.35414201183431937,2019
2019-10-11,factor_momentum_20,0.25947242802446413,2019
2019-10-11,factor_vol_60,-0.49336184177813114,2019
2019-10-14,factor_pe,-0.4042538909054744,2019
2019-10-14,factor_momentum_20,0.2578986624235492,2019
2019-10-14,factor_vol_60,-0.5820869176072794,2019
2019-10-15,factor_pe,-0.20365968872756193,2019
2019-10-15,factor_momentum_20,0.10307791755755552,2019
2019-10-15,factor_vol_60,-0.27809656406941463,2019
2019-10-16,factor_pe,-0.17229376957883738,2019
2019-10-16,factor_momentum_20,-0.006058873253443386,2019
2019-10-16,factor_vol_60,-0.19669832430013418,2019
2019-10-17,factor_pe,-0.3006712744269304,2019
2019-10-17,factor_momentum_20,0.011493709909999497,2019
2019-10-17,factor_vol_60,-0.28234796877330803,2019
2019-10-18,factor_pe,-0.18309631544925656,2019
2019-10-18,factor_momentum_20,-0.032231117298990586,2019
2019-10-18,factor_vol_60,-0.06339068171647354,2019
2019-10-21,factor_pe,0.32783302670180486,2019
2019-10-21,factor_momentum_20,-0.5785117597334789,2019
2019-10-21,factor_vol_60,0.35370195415444267,2019
2019-10-22,factor_pe,0.15943264879916458,2019
2019-10-22,factor_momentum_20,-0.18573417532693542,2019
2019-10-22,factor_vol_60,0.15667793744716815,2019
2019-10-23,factor_pe,0.1028193525931082,2019
2019-10-23,factor_momentum_20,-0.09295410471881056,2019
2019-10-23,factor_vol_60,0.022577196559097002,2019
2019-10-24,factor_pe,0.23702202774600956,2019
2019-10-24,factor_momentum_20,-0.1627939933369797,2019
2019-10-24,factor_vol_60,0.08980657351698072,2019
2019-10-25,factor_pe,0.1478096564069414,2019
2019-10-25,factor_momentum_20,0.02377057331808462,2019
2019-10-25,factor_vol_60,0.09016955894783946,2019
2019-10-28,factor_pe,-0.0772114763064989,2019
2019-10-28,factor_momentum_20,0.2653746705782904,2019
2019-10-28,factor_vol_60,0.0006663020237680868,2019
2019-10-29,factor_pe,-0.07754711351996417,2019
2019-10-29,factor_momentum_20,0.2254015215553676,2019
2019-10-29,factor_vol_60,0.001606086221470836,2019
2019-10-30,factor_pe,-0.06834070906469093,2019
2019-10-30,factor_momentum_20,0.12274128586345776,2019
2019-10-30,factor_vol_60,0.00909949778728059,2019
2019-10-31,factor_pe,-0.142693053552782,2019
2019-10-31,factor_momentum_20,0.17271145144448305,2019
2019-10-31,factor_vol_60,0.06272686589428668,2019
2019-11-01,factor_pe,-0.019434637760429606,2019
2019-11-01,factor_momentum_20,0.050213813335985256,2019
2019-11-01,factor_vol_60,0.11542936701307736,2019
2019-11-04,factor_pe,-0.03268299534077099,2019
2019-11-04,factor_momentum_20,0.03390917251360213,2019
2019-11-04,factor_vol_60,-0.025203803103302974,2019
2019-11-05,factor_pe,-0.0924041743760724,2019
2019-11-05,factor_momentum_20,0.06880148509107782,2019
2019-11-05,factor_vol_60,0.01887018276634851,2019
2019-11-06,factor_pe,0.12370833104341077,2019
2019-11-06,factor_momentum_20,0.17889851674086008,2019
2019-11-06,factor_vol_60,0.2830502989112181,2019
2019-11-07,factor_pe,0.17671973180427566,2019
2019-11-07,factor_momentum_20,0.10304162773798398,2019
2019-11-07,factor_vol_60,0.3535579289330181,2019
2019-11-08,factor_pe,0.10820280775031901,2019
2019-11-08,factor_momentum_20,0.2176549972215606,2019
2019-11-08,factor_vol_60,0.24619659137401448,2019
2019-11-11,factor_pe,0.06106337894858969,2019
2019-11-11,factor_momentum_20,0.2249363401542491,2019
2019-11-11,factor_vol_60,0.3315453618382886,2019
2019-11-12,factor_pe,0.243336325498745,2019
2019-11-12,factor_momentum_20,0.22130421773193854,2019
2019-11-12,factor_vol_60,0.40169393201067394,2019
2019-11-13,factor_pe,0.19725942074120204,2019
2019-11-13,factor_momentum_20,0.03620275889863885,2019
2019-11-13,factor_vol_60,0.22255726332887552,2019
2019-11-14,factor_pe,0.07524746429247497,2019
2019-11-14,factor_momentum_20,-0.09412131093483793,2019
2019-11-14,factor_vol_60,-0.003364659473256757,2019
2019-11-15,factor_pe,-0.13908195479998284,2019
2019-11-15,factor_momentum_20,-0.344962475803152,2019
2019-11-15,factor_vol_60,-0.1649391491258602,2019
2019-11-18,factor_pe,-0.3097550698884348,2019
2019-11-18,factor_momentum_20,-0.37748792447530227,2019
2019-11-18,factor_vol_60,-0.33432746502525007,2019
2019-11-19,factor_pe,-0.28915187376725826,2019
2019-11-19,factor_momentum_20,-0.3220437100408521,2019
2019-11-19,factor_vol_60,-0.2903047734198007,2019
2019-11-20,factor_pe,-0.35820616630333213,2019
2019-11-20,factor_momentum_20,-0.23911798291412475,2019
2019-11-20,factor_vol_60,-0.2651192896965699,2019
2019-11-21,factor_pe,-0.38152795842722,2019
2019-11-21,factor_momentum_20,-0.1953884013898302,2019
2019-11-21,factor_vol_60,-0.3137560224961986,2019
2019-11-22,factor_pe,-0.2217438828536708,2019
2019-11-22,factor_momentum_20,-0.08881357588192546,2019
2019-11-22,factor_vol_60,-0.18402061540904113,2019
2019-11-25,factor_pe,0.12619732414921742,2019
2019-11-25,factor_momentum_20,-0.10530346053089559,2019
2019-11-25,factor_vol_60,0.10084574471333219,2019
2019-11-26,factor_pe,-0.02149902800777593,2019
2019-11-26,factor_momentum_20,-6.479948160414713e-05,2019
2019-11-26,factor_vol_60,0.013965488276093785,2019
2019-11-27,factor_pe,0.1649650802793577,2019
2019-11-27,factor_momentum_20,-0.06319149446804423,2019
2019-11-27,factor_vol_60,0.08195454436364506,2019
2019-11-28,factor_pe,0.19650802793577643,2019
2019-11-28,factor_momentum_20,-0.050661194710442295,2019
2019-11-28,factor_vol_60,0.23112775097799207,2019
2019-11-29,factor_pe,0.34700122399020794,2019
2019-11-29,factor_momentum_20,-0.06713706290349675,2019
2019-11-29,factor_vol_60,0.3482156142750856,2019
2019-12-02,factor_pe,0.29797441620467024,2019
2019-12-02,factor_momentum_20,0.03331413348693209,2019
2019-12-02,factor_vol_60,0.3913576691386467,2019
2019-12-03,factor_pe,0.32616219070247426,2019
2019-12-03,factor_momentum_20,0.07880336957304339,2019
2019-12-03,factor_vol_60,0.3758105935152517,2019
2019-12-04,factor_pe,0.017246262029903755,2019
2019-12-04,factor_momentum_20,0.03019895840833272,2019
2019-12-04,factor_vol_60,0.2551299589603282,2019
2019-12-05,factor_pe,-0.049302805577555356,2019
2019-12-05,factor_momentum_20,0.07736818105455154,2019
2019-12-05,factor_vol_60,0.18965848273213806,2019
2019-12-06,factor_pe,-0.07717378260973909,2019
2019-12-06,factor_momentum_20,-0.08394412844697238,2019
2019-12-06,factor_vol_60,0.10356397148822805,2019
2019-12-09,factor_pe,0.15417236662106695,2019
2019-12-09,factor_momentum_20,-0.062065903472772195,2019
2019-12-09,factor_vol_60,0.2728082175342596,2019
2019-12-10,factor_pe,-0.06298029615763072,2019
2019-12-10,factor_momentum_20,-0.2156262749898,2019
2019-12-10,factor_vol_60,0.03162454700362396,2019
2019-12-11,factor_pe,0.07148582811337506,2019
2019-12-11,factor_momentum_20,-0.034730122159022714,2019
2019-12-11,factor_vol_60,0.0746082031343749,2019
2019-12-12,factor_pe,-0.07820097439220483,2019
2019-12-12,factor_momentum_20,-0.19512323901408782,2019
2019-12-12,factor_vol_60,-0.09386324909400721,2019
2019-12-13,factor_pe,-0.12041663666690662,2019
2019-12-13,factor_momentum_20,-0.07940336477308178,2019
2019-12-13,factor_vol_60,-0.22561499508003927,2019
2019-12-16,factor_pe,-0.32443287274511046,2019
2019-12-16,factor_momentum_20,-0.1676843001440959,2019
2019-12-16,factor_vol_60,-0.24451267973671234,2019
2019-12-17,factor_pe,-0.14007023203929972,2019
2019-12-17,factor_momentum_20,0.0235081587555392,2019
2019-12-17,factor_vol_60,-0.18302073236593294,2019
2019-12-18,factor_pe,-0.05938828789947714,2019
2019-12-18,factor_momentum_20,0.10844694745332208,2019
2019-12-18,factor_vol_60,-0.04327595437039971,2019
2019-12-19,factor_pe,0.09804185150333823,2019
2019-12-19,factor_momentum_20,0.29958752237496544,2019
2019-12-19,factor_vol_60,0.17649514295215113,2019
2019-12-20,factor_pe,0.12811333347483506,2019
2019-12-20,factor_momentum_20,0.03291095058522768,2019
2019-12-20,factor_vol_60,0.11463293264752145,2019
2019-12-23,factor_pe,0.2263037618242406,2019
2019-12-23,factor_momentum_20,0.2631932701763819,2019
2019-12-23,factor_vol_60,0.17394575294264694,2019
2019-12-24,factor_pe,0.14157909618923564,2019
2019-12-24,factor_momentum_20,0.14409843740584335,2019
2019-12-24,factor_vol_60,0.08463781283172096,2019
2019-12-25,factor_pe,0.00401657619906272,2019
2019-12-25,factor_momentum_20,0.19166461936393003,2019
2019-12-25,factor_vol_60,0.09668522372769789,2019
2019-12-26,factor_pe,0.06381326744881355,2019
2019-12-26,factor_momentum_20,0.11267967978640063,2019
2019-12-26,factor_vol_60,0.058028285225581844,2019
2019-12-27,factor_pe,0.1654699602746012,2019
2019-12-27,factor_momentum_20,0.10589808604233973,2019
2019-12-27,factor_vol_60,0.13084582188002647,2019
2019-12-30,factor_pe,0.0022157223579365036,2019
2019-12-30,factor_momentum_20,-0.0557569380385758,2019
2019-12-30,factor_vol_60,0.04253445262850493,2019
2019-12-31,factor_pe,0.06725737144870231,2019
2019-12-31,factor_momentum_20,-0.12294014304851872,2019
2019-12-31,factor_vol_60,0.00046817564466859177,2019
2020-01-02,factor_pe,0.24604716058424606,2020
2020-01-02,factor_momentum_20,-0.1299488715112802,2020
2020-01-02,factor_vol_60,0.12481748102961555,2020
2020-01-03,factor_pe,0.2676689951838168,2020
2020-01-03,factor_momentum_20,-0.09264547051652287,2020
2020-01-03,factor_vol_60,0.24892574548859453,2020
2020-01-06,factor_pe,0.18225243474512234,2020
2020-01-06,factor_momentum_20,-0.12607135738489134,2020
2020-01-06,factor_vol_60,0.3109706069132391,2020
2020-01-07,factor_pe,0.17658797298487464,2020
2020-01-07,factor_momentum_20,-0.13548817740612148,2020
2020-01-07,factor_vol_60,0.2848477965614584,2020
2020-01-08,factor_pe,0.22880947635183224,2020
2020-01-08,factor_momentum_20,-0.17222699962982993,2020
2020-01-08,factor_vol_60,0.3402705088413678,2020
2020-01-09,factor_pe,0.225952902986987,2020
2020-01-09,factor_momentum_20,-0.026703493835245867,2020
2020-01-09,factor_vol_60,0.18609072012301026,2020
2020-01-10,factor_pe,0.2677764173239556,2020
2020-01-10,factor_momentum_20,0.0240952191121615,2020
2020-01-10,factor_vol_60,0.1631857399128676,2020
2020-01-13,factor_pe,0.2321717588769611,2020
2020-01-13,factor_momentum_20,0.07018764771206466,2020
2020-01-13,factor_vol_60,0.10260314929240578,2020
2020-01-14,factor_pe,0.22463623679489725,2020
2020-01-14,factor_momentum_20,-0.017826247899997146,2020
2020-01-14,factor_vol_60,0.13422819556365495,2020
2020-01-15,factor_pe,0.1800267661379879,2020
2020-01-15,factor_momentum_20,0.11420029044107174,2020
2020-01-15,factor_vol_60,0.19730516244767782,2020
2020-01-16,factor_pe,0.08738403713089778,2020
2020-01-16,factor_momentum_20,0.03247358979469801,2020
2020-01-16,factor_vol_60,0.042888464933511755,2020
2020-01-17,factor_pe,0.011479825735356925,2020
2020-01-17,factor_momentum_20,0.020076881460178244,2020
2020-01-17,factor_vol_60,-0.05194339246561688,2020
2020-01-20,factor_pe,-0.01160055810245166,2020
2020-01-20,factor_momentum_20,0.11676528374953724,2020
2020-01-20,factor_vol_60,-0.011486659642928325,2020
2020-01-21,factor_pe,0.04811412625644236,2020
2020-01-21,factor_momentum_20,0.1441624192032802,2020
2020-01-21,factor_vol_60,0.045754150175118864,2020
2020-01-22,factor_pe,0.047706369771348824,2020
2020-01-22,factor_momentum_20,0.15323557048890907,2020
2020-01-22,factor_vol_60,-0.027375494746433544,2020
2020-01-23,factor_pe,0.16360260827472303,2020
2020-01-23,factor_momentum_20,0.2948455252142714,2020
2020-01-23,factor_vol_60,0.11043936330761123,2020
2020-02-03,factor_pe,0.29886158489706416,2020
2020-02-03,factor_momentum_20,0.21505282041060386,2020
2020-02-03,factor_vol_60,0.4675292576667899,2020
2020-02-04,factor_pe,0.3295071044164126,2020
2020-02-04,factor_momentum_20,-0.10737777271562397,2020
2020-02-04,factor_vol_60,0.584010934252114,2020
2020-02-05,factor_pe,0.26616817107548607,2020
2020-02-05,factor_momentum_20,-0.09951422307013294,2020
2020-02-05,factor_vol_60,0.5388547509894926,2020
2020-02-06,factor_pe,0.11233235570488904,2020
2020-02-06,factor_momentum_20,-0.16427916512429164,2020
2020-02-06,factor_vol_60,0.3470884706284346,2020
2020-02-07,factor_pe,-0.021742076938409398,2020
2020-02-07,factor_momentum_20,-0.32713346051994635,2020
2020-02-07,factor_vol_60,0.27986104387938143,2020
2020-02-10,factor_pe,0.11017511888151708,2020
2020-02-10,factor_momentum_20,-0.18766479683362275,2020
2020-02-10,factor_vol_60,0.2984811640422562,2020
2020-02-11,factor_pe,0.30852017426464295,2020
2020-02-11,factor_momentum_20,-0.0774976508442723,2020
2020-02-11,factor_vol_60,0.464816196360944,2020
2020-02-12,factor_pe,0.09767362396423585,2020
2020-02-12,factor_momentum_20,-0.27390187647712055,2020
2020-02-12,factor_vol_60,0.17669865315071606,2020
2020-02-13,factor_pe,0.1789743443719923,2020
2020-02-13,factor_momentum_20,-0.2936336456049431,2020
2020-02-13,factor_vol_60,0.2453657564281442,2020
2020-02-14,factor_pe,0.29708249095930966,2020
2020-02-14,factor_momentum_20,-0.2305566787209202,2020
2020-02-14,factor_vol_60,0.33612688288390885,2020
2020-02-17,factor_pe,0.27774708847062834,2020
2020-02-17,factor_momentum_20,0.11294285144793412,2020
2020-02-17,factor_vol_60,0.3050007118653719,2020
2020-02-18,factor_pe,0.16379851362510314,2020
2020-02-18,factor_momentum_20,0.19230502007460343,2020
2020-02-18,factor_vol_60,0.23669580568922796,2020
2020-02-19,factor_pe,-0.0894752128477462,2020
2020-02-19,factor_momentum_20,0.0023930066345852663,2020
2020-02-19,factor_vol_60,0.039211822660098504,2020
2020-02-20,factor_pe,-0.21442410091403505,2020
2020-02-20,factor_momentum_20,-0.02078988581679432,2020
2020-02-20,factor_vol_60,-0.14528773598337077,2020
2020-02-21,factor_pe,-0.4409954725362338,2020
2020-02-21,factor_momentum_20,-0.1724479626413052,2020
2020-02-21,factor_vol_60,-0.4948033827842476,2020
2020-02-24,factor_pe,-0.4581417466328766,2020
2020-02-24,factor_momentum_20,-0.27430279905464267,2020
2020-02-24,factor_vol_60,-0.4129149463253508,2020
2020-02-25,factor_pe,-0.37776360374725915,2020
2020-02-25,factor_momentum_20,-0.45058572282809856,2020
2020-02-25,factor_vol_60,-0.45751530510549826,2020
2020-02-26,factor_pe,-0.17834334690623302,2020
2020-02-26,factor_momentum_20,-0.08715851818104156,2020
2020-02-26,factor_vol_60,-0.19243486431846002,2020
2020-02-27,factor_pe,-0.17358922520572903,2020
2020-02-27,factor_momentum_20,-0.1275423559896352,2020
2020-02-27,factor_vol_60,-0.19912298186167024,2020
2020-02-28,factor_pe,0.15605341837751638,2020
2020-02-28,factor_momentum_20,-0.049822603149292384,2020
2020-02-28,factor_vol_60,0.15760927133460514,2020
2020-03-02,factor_pe,-0.021496056265838996,2020
2020-03-02,factor_momentum_20,-0.41251402374782864,2020
2020-03-02,factor_vol_60,-0.28219140636122886,2020
2020-03-03,factor_pe,0.005192630769668838,2020
2020-03-03,factor_momentum_20,-0.2000501153221902,2020
2020-03-03,factor_vol_60,-0.17443662974458263,2020
2020-03-04,factor_pe,0.04972692844329279,2020
2020-03-04,factor_momentum_20,-0.27645320197044326,2020
2020-03-04,factor_vol_60,-0.23205786041743776,2020
2020-03-05,factor_pe,-0.11445314502121354,2020
2020-03-05,factor_momentum_20,-0.15220592841481814,2020
2020-03-05,factor_vol_60,-0.30745180671431405,2020
2020-03-06,factor_pe,-0.06928784988183032,2020
2020-03-06,factor_momentum_20,0.0015638258492553883,2020
2020-03-06,factor_vol_60,-0.10903613428628374,2020
2020-03-09,factor_pe,-0.1312486118625245,2020
2020-03-09,factor_momentum_20,0.12011162049033282,2020
2020-03-09,factor_vol_60,-0.26875138813747534,2020
2020-03-10,factor_pe,-0.197496511859677,2020
2020-03-10,factor_momentum_20,0.06897121216435545,2020
2020-03-10,factor_vol_60,-0.36324382812722444,2020
2020-03-11,factor_pe,-0.16819727213189434,2020
2020-03-11,factor_momentum_20,-0.019183917537515298,2020
2020-03-11,factor_vol_60,-0.3557196958911129,2020
2020-03-12,factor_pe,0.026944958569435337,2020
2020-03-12,factor_momentum_20,0.03500896950368745,2020
2020-03-12,factor_vol_60,-0.14227170477519285,2020
2020-03-13,factor_pe,-0.0017323955693499238,2020
2020-03-13,factor_momentum_20,0.0629960989777613,2020
2020-03-13,factor_vol_60,-0.2551701358239129,2020
2020-03-16,factor_pe,0.022867393718499947,2020
2020-03-16,factor_momentum_20,0.12646487656254443,2020
2020-03-16,factor_vol_60,-0.2914103476750476,2020
2020-03-17,factor_pe,0.03467410803268885,2020
2020-03-17,factor_momentum_20,0.05563370255417293,2020
2020-03-17,factor_vol_60,-0.34445058230587416,2020
2020-03-18,factor_pe,0.08392607989976933,2020
2020-03-18,factor_momentum_20,-0.058501665764970505,2020
2020-03-18,factor_vol_60,-0.1537390016800022,2020
2020-03-19,factor_pe,-0.18797004470514528,2020
2020-03-19,factor_momentum_20,-0.09313590933682618,2020
2020-03-19,factor_vol_60,-0.41877160511404066,2020
2020-03-20,factor_pe,-0.2239437341609954,2020
2020-03-20,factor_momentum_20,0.023277428172783953,2020
2020-03-20,factor_vol_60,-0.46238788120390656,2020
2020-03-23,factor_pe,-0.14748369828298066,2020
2020-03-23,factor_momentum_20,0.04300464136222556,2020
2020-03-23,factor_vol_60,-0.18394942908397158,2020
2020-03-24,factor_pe,-0.013780574617728289,2020
2020-03-24,factor_momentum_20,0.1466180699906033,2020
2020-03-24,factor_vol_60,-0.12831686551439386,2020
2020-03-25,factor_pe,-0.08475753865428967,2020
2020-03-25,factor_momentum_20,0.21397306301432265,2020
2020-03-25,factor_vol_60,-0.32320396366639126,2020
2020-03-26,factor_pe,0.13588655713431472,2020
2020-03-26,factor_momentum_20,-0.040047837352999785,2020
2020-03-26,factor_vol_60,0.033603462513169494,2020
2020-03-27,factor_pe,0.17856658788689875,2020
2020-03-27,factor_momentum_20,-0.05929212107406245,2020
2020-03-27,factor_vol_60,0.013188302628206949,2020
2020-03-30,factor_pe,0.4812152965631138,2020
2020-03-30,factor_momentum_20,-0.40236794897349,2020
2020-03-30,factor_vol_60,0.45280902075799406,2020
2020-03-31,factor_pe,0.38203935191776517,2020
2020-03-31,factor_momentum_20,-0.3944542840058087,2020
2020-03-31,factor_vol_60,0.5064870867621514,2020
2020-04-01,factor_pe,0.46768188160255114,2020
2020-04-01,factor_momentum_20,-0.22149491728124368,2020
2020-04-01,factor_vol_60,0.526282639027307,2020
2020-04-02,factor_pe,0.13821008570859072,2020
2020-04-02,factor_momentum_20,0.010657478857598447,2020
2020-04-02,factor_vol_60,0.006094706569093651,2020
2020-04-03,factor_pe,0.15837466898260194,2020
2020-04-03,factor_momentum_20,0.013138187306016682,2020
2020-04-03,factor_vol_60,0.01584897064267205,2020
2020-04-07,factor_pe,0.1465930123295082,2020
2020-04-07,factor_momentum_20,0.050264529172242924,2020
2020-04-07,factor_vol_60,0.03292462769441042,2020
2020-04-08,factor_pe,0.10560779065463136,2020
2020-04-08,factor_momentum_20,0.09160511404083256,2020
2020-04-08,factor_vol_60,-0.014448019590535032,2020
2020-04-09,factor_pe,0.1145100942509752,2020
2020-04-09,factor_momentum_20,0.24087360118454387,2020
2020-04-09,factor_vol_60,-0.027796919046669883,2020
2020-04-10,factor_pe,0.15653406987670485,2020
2020-04-10,factor_momentum_20,-0.08621316096699788,2020
2020-04-10,factor_vol_60,0.32696716876904225,2020
2020-04-13,factor_pe,0.33634101198781274,2020
2020-04-13,factor_momentum_20,-0.3245866909650046,2020
2020-04-13,factor_vol_60,0.49227939292121053,2020
2020-04-14,factor_pe,0.2140801275662746,2020
2020-04-14,factor_momentum_20,-0.03300435661607676,2020
2020-04-14,factor_vol_60,0.3353432614823883,2020
2020-04-15,factor_pe,0.338270451892138,2020
2020-04-15,factor_momentum_20,0.10631396110367602,2020
2020-04-15,factor_vol_60,0.4174139354765225,2020
2020-04-16,factor_pe,0.20490902360545565,2020
2020-04-16,factor_momentum_20,0.03188815171274807,2020
2020-04-16,factor_vol_60,0.22976850138101873,2020
2020-04-17,factor_pe,0.22811013981035896,2020
2020-04-17,factor_momentum_20,0.3173791964463679,2020
2020-04-17,factor_vol_60,0.02371252028816309,2020
2020-04-20,factor_pe,-0.03773569862467609,2020
2020-04-20,factor_momentum_20,0.356296022096301,2020
2020-04-20,factor_vol_60,-0.28728038953273144,2020
2020-04-21,factor_pe,0.0024522338335374004,2020
2020-04-21,factor_momentum_20,0.3855246447791792,2020
2020-04-21,factor_vol_60,-0.11700902645291718,2020
2020-04-22,factor_pe,-0.15338136051709894,2020
2020-04-22,factor_momentum_20,0.22920128705259252,2020
2020-04-22,factor_vol_60,-0.21629659158859868,2020
2020-04-23,factor_pe,-0.08630200176542609,2020
2020-04-23,factor_momentum_20,0.1017739685070759,2020
2020-04-23,factor_vol_60,0.08477348443862294,2020
2020-04-24,factor_pe,0.07921296164469373,2020
2020-04-24,factor_momentum_20,0.018552920071756022,2020
2020-04-24,factor_vol_60,0.348291238361001,2020
2020-04-27,factor_pe,0.24079387226287755,2020
2020-04-27,factor_momentum_20,0.07907172755488479,2020
2020-04-27,factor_vol_60,0.46474102337765866,2020
2020-04-28,factor_pe,0.19607050314644486,2020
2020-04-28,factor_momentum_20,-0.043473903015461696,2020
2020-04-28,factor_vol_60,0.4790466698937895,2020
2020-04-29,factor_pe,0.2580563227882342,2020
2020-04-29,factor_momentum_20,-0.05698453828411969,2020
2020-04-29,factor_vol_60,0.5371872775420711,2020
2020-04-30,factor_pe,0.3291631310686522,2020
2020-04-30,factor_momentum_20,0.14050172271420022,2020
2020-04-30,factor_vol_60,0.4365329308921095,2020
2020-05-06,factor_pe,0.12232808451265692,2020
2020-05-06,factor_momentum_20,0.1722702810444488,2020
2020-05-06,factor_vol_60,0.11700902645291718,2020
2020-05-07,factor_pe,0.1765186935846692,2020
2020-05-07,factor_momentum_20,0.10660098522167484,2020
2020-05-07,factor_vol_60,0.06817164497850164,2020
2020-05-08,factor_pe,0.15299866169310053,2020
2020-05-08,factor_momentum_20,0.06670007688146015,2020
2020-05-08,factor_vol_60,0.020735214556223118,2020
2020-05-11,factor_pe,0.23428799225490465,2020
2020-05-11,factor_momentum_20,0.005905635126284915,2020
2020-05-11,factor_vol_60,-0.04037358694723652,2020
2020-05-12,factor_pe,0.21926934138215773,2020
2020-05-12,factor_momentum_20,0.037357555739058614,2020
2020-05-12,factor_vol_60,0.017853583530282748,2020
2020-05-13,factor_pe,-0.014359178792106832,2020
2020-05-13,factor_momentum_20,-0.07723112844898769,2020
2020-05-13,factor_vol_60,-0.12489535579031288,2020
2020-05-14,factor_pe,-0.028478031834619427,2020
2020-05-14,factor_momentum_20,-0.034660440217546044,2020
2020-05-14,factor_vol_60,-0.18495401349696738,2020
2020-05-15,factor_pe,-0.15972778268173918,2020
2020-05-15,factor_momentum_20,-0.14402118511347128,2020
2020-05-15,factor_vol_60,-0.3681984111164895,2020
2020-05-18,factor_pe,-0.255848970642672,2020
2020-05-18,factor_momentum_20,-0.14260656624619147,2020
2020-05-18,factor_vol_60,-0.4140448190438223,2020
2020-05-19,factor_pe,-0.1740835445200603,2020
2020-05-19,factor_momentum_20,-0.12204106039465812,2020
2020-05-19,factor_vol_60,-0.39425610068623806,2020
2020-05-20,factor_pe,-0.24406275805119726,2020
2020-05-20,factor_momentum_20,-0.05638771035621741,2020
2020-05-20,factor_vol_60,-0.45105954041971563,2020
2020-05-21,factor_pe,-0.2762823542811582,2020
2020-05-21,factor_momentum_20,-0.0020604231327771283,2020
2020-05-21,factor_vol_60,-0.4022699962982999,2020
2020-05-22,factor_pe,-0.09915658190722966,2020
2020-05-22,factor_momentum_20,0.21682052450240602,2020
2020-05-22,factor_vol_60,-0.15695777214613166,2020
2020-05-25,factor_pe,0.2725442068396024,2020
2020-05-25,factor_momentum_20,0.12271078333665532,2020
2020-05-25,factor_vol_60,0.3891352259460689,2020
2020-05-26,factor_pe,-0.1580694211110794,2020
2020-05-26,factor_momentum_20,-0.15723112844898768,2020
2020-05-26,factor_vol_60,-0.026828782140721538,2020
2020-05-27,factor_pe,0.1459825165864631,2020
2020-05-27,factor_momentum_20,-0.04274723084370282,2020
2020-05-27,factor_vol_60,0.3012238389475781,2020
2020-05-28,factor_pe,0.1967948973490133,2020
2020-05-28,factor_momentum_20,0.0029875565932970744,2020
2020-05-28,factor_vol_60,0.3312543067855006,2020
2020-05-29,factor_pe,0.14197329081124171,2020
2020-05-29,factor_momentum_20,-0.035348386913066986,2020
2020-05-29,factor_vol_60,0.267885759845098,2020
2020-06-01,factor_pe,-0.13487741678293796,2020
2020-06-01,factor_momentum_20,-0.08806287194965684,2020
2020-06-01,factor_vol_60,-0.0731877331359093,2020
2020-06-02,factor_pe,0.08024260371878467,2020
2020-06-02,factor_momentum_20,-0.06552236680998887,2020
2020-06-02,factor_vol_60,0.11759218656567665,2020
2020-06-03,factor_pe,0.1275742475583017,2020
2020-06-03,factor_momentum_20,0.005299695321620773,2020
2020-06-03,factor_vol_60,0.08482815569919414,2020
2020-06-04,factor_pe,0.2237182152111392,2020
2020-06-04,factor_momentum_20,-0.011081181127025252,2020
2020-06-04,factor_vol_60,0.20792505481363358,2020
2020-06-05,factor_pe,0.18796776673595483,2020
2020-06-05,factor_momentum_20,-0.032785671573791954,2020
2020-06-05,factor_vol_60,0.0681944246704063,2020
2020-06-08,factor_pe,0.10178308038383777,2020
2020-06-08,factor_momentum_20,-0.19286540049545822,2020
2020-06-08,factor_vol_60,-0.15205558244824732,2020
2020-06-09,factor_pe,0.22532190552122774,2020
2020-06-09,factor_momentum_20,-0.07976423018878666,2020
2020-06-09,factor_vol_60,0.010523078675360911,2020
2020-06-10,factor_pe,0.09691961616219137,2020
2020-06-10,factor_momentum_20,-0.09781941399242572,2020
2020-06-10,factor_vol_60,-0.14310999743728461,2020
2020-06-11,factor_pe,0.03709103334377401,2020
2020-06-11,factor_momentum_20,-0.10016800022779689,2020
2020-06-11,factor_vol_60,-0.17503117970329443,2020
2020-06-12,factor_pe,0.2530288447848742,2020
2020-06-12,factor_momentum_20,-0.09158916825649929,2020
2020-06-12,factor_vol_60,0.023042797346165884,2020
2020-06-15,factor_pe,0.4133386485947776,2020
2020-06-15,factor_momentum_20,-0.07859563199407725,2020
2020-06-15,factor_vol_60,0.21188872120504562,2020
2020-06-16,factor_pe,0.43690651783934603,2020
2020-06-16,factor_momentum_20,-0.06938580255702038,2020
2020-06-16,factor_vol_60,0.1508277570545858,2020
2020-06-17,factor_pe,0.35400894102907243,2020
2020-06-17,factor_momentum_20,-0.029824311626185245,2020
2020-06-17,factor_vol_60,0.19948517896295445,2020
2020-06-18,factor_pe,0.39146558842791634,2020
2020-06-18,factor_momentum_20,0.015871750334576717,2020
2020-06-18,factor_vol_60,0.12603889632392717,2020
2020-06-19,factor_pe,0.3281767704091801,2020
2020-06-19,factor_momentum_20,0.16074603490987777,2020
2020-06-19,factor_vol_60,0.12216407073094332,2020
2020-06-22,factor_pe,0.1089632392721888,2020
2020-06-22,factor_momentum_20,0.10974002676613795,2020
2020-06-22,factor_vol_60,0.031557846180130404,2020
2020-06-23,factor_pe,-0.18416583615706592,2020
2020-06-23,factor_momentum_20,0.01585808251943392,2020
2020-06-23,factor_vol_60,-0.12297502776274946,2020
2020-06-24,factor_pe,-0.1526182408382926,2020
2020-06-24,factor_momentum_20,-0.03104758108146586,2020
2020-06-24,factor_vol_60,-0.17370995757282376,2020
2020-06-29,factor_pe,-0.2477188986018963,2020
2020-06-29,factor_momentum_20,-0.24546143113414381,2020
2020-06-29,factor_vol_60,-0.22562943136194075,2020
2020-06-30,factor_pe,-0.13179760243742697,2020
2020-06-30,factor_momentum_20,-0.09351405222244366,2020
2020-06-30,factor_vol_60,-0.11181525669865311,2020
2020-07-01,factor_pe,0.01634784589538426,2020
2020-07-01,factor_momentum_20,-0.08832483840656051,2020
2020-07-01,factor_vol_60,-0.012780546143113409,2020
2020-07-02,factor_pe,0.24690338563170924,2020
2020-07-02,factor_momentum_20,0.03571058401435119,2020
2020-07-02,factor_vol_60,0.2251465018935618,2020
2020-07-03,factor_pe,0.42180586007574233,2020
2020-07-03,factor_momentum_20,0.19261482388450687,2020
2020-07-03,factor_vol_60,0.40326546883453385,2020
2020-07-06,factor_pe,0.5711609100486914,2020
2020-07-06,factor_momentum_20,-0.026345852672342598,2020
2020-07-06,factor_vol_60,0.47658874113727595,2020
2020-07-07,factor_pe,0.5137606423873116,2020
2020-07-07,factor_momentum_20,0.07084598080810954,2020
2020-07-07,factor_vol_60,0.4061060964150458,2020
2020-07-08,factor_pe,0.38747230843702823,2020
2020-07-08,factor_momentum_20,-0.055902502918648005,2020
2020-07-08,factor_vol_60,0.24512429169395475,2020
2020-07-09,factor_pe,-0.09057319399755115,2020
2020-07-09,factor_momentum_20,-0.3679523904439191,2020
2020-07-09,factor_vol_60,-0.23153392750363042,2020
2020-07-10,factor_pe,-0.20334861470998597,2020
2020-07-10,factor_momentum_20,-0.42233662689712104,2020
2020-07-10,factor_vol_60,-0.3265890258834248,2020
2020-07-13,factor_pe,-0.30486175574475344,2020
2020-07-13,factor_momentum_20,-0.4504103192004326,2020
2020-07-13,factor_vol_60,-0.3724809931945669,2020
2020-07-14,factor_pe,-0.23040177681596846,2020
2020-07-14,factor_momentum_20,-0.4009146046299722,2020
2020-07-14,factor_vol_60,-0.3256300008542383,2020
2020-07-15,factor_pe,-0.17665309376690674,2020
2020-07-15,factor_momentum_20,-0.22457700959594512,2020
2020-07-15,factor_vol_60,-0.15695549417694118,2020
2020-07-16,factor_pe,0.32800136678151415,2020
2020-07-16,factor_momentum_20,0.17210171132435426,2020
2020-07-16,factor_vol_60,0.17610638116119473,2020
2020-07-17,factor_pe,0.09553916683276854,2020
2020-07-17,factor_momentum_20,0.02861926592442836,2020
2020-07-17,factor_vol_60,-0.09076909934793129,2020
2020-07-20,factor_pe,0.1235604658446994,2020
2020-07-20,factor_momentum_20,-0.05713716221988095,2020
2020-07-20,factor_vol_60,-0.20112759474928094,2020
2020-07-21,factor_pe,0.15343830974686062,2020
2020-07-21,factor_momentum_20,0.06898943591787918,2020
2020-07-21,factor_vol_60,-0.1424402744952874,2020
2020-07-22,factor_pe,0.25049118710669427,2020
2020-07-22,factor_momentum_20,0.14525584441470424,2020
2020-07-22,factor_vol_60,-0.027972322674335817,2020
2020-07-23,factor_pe,0.07357043195990771,2020
2020-07-23,factor_momentum_20,-0.07350664882257464,2020
2020-07-23,factor_vol_60,-0.15157493094905886,2020
2020-07-24,factor_pe,0.5144075856374041,2020
2020-07-24,factor_momentum_20,0.22599162846322496,2020
2020-07-24,factor_vol_60,0.42808849910304947,2020
2020-07-27,factor_pe,0.4460958455536887,2020
2020-07-27,factor_momentum_20,0.27844414704291115,2020
2020-07-27,factor_vol_60,0.5424083829266207,2020
2020-07-28,factor_pe,0.12763347475725387,2020
2020-07-28,factor_momentum_20,0.15662974458270446,2020
2020-07-28,factor_vol_60,0.2827426749053218,2020
2020-07-29,factor_pe,0.28638970357925897,2020
2020-07-29,factor_momentum_20,0.3784652182579229,2020
2020-07-29,factor_vol_60,0.30224664711409766,2020
2020-07-30,factor_pe,0.17877160511404075,2020
2020-07-30,factor_momentum_20,0.20684985335573328,2020
2020-07-30,factor_vol_60,0.24303767191548725,2020
2020-07-31,factor_pe,-0.06454739599646912,2020
2020-07-31,factor_momentum_20,0.1658418519889518,2020
2020-07-31,factor_vol_60,0.09043879381531361,2020
2020-08-03,factor_pe,-0.29613713374526596,2020
2020-08-03,factor_momentum_20,-0.02772857997095588,2020
2020-08-03,factor_vol_60,-0.17624078134343227,2020
2020-08-04,factor_pe,-0.27203849767931876,2020
2020-08-04,factor_momentum_20,0.065205729092514,2020
2020-08-04,factor_vol_60,-0.17202653834106887,2020
2020-08-05,factor_pe,-0.5364583274011216,2020
2020-08-05,factor_momentum_20,-0.2851368205245023,2020
2020-08-05,factor_vol_60,-0.37866112360830306,2020
2020-08-06,factor_pe,-0.5088835103505223,2020
2020-08-06,factor_momentum_20,-0.17687633474757247,2020
2020-08-06,factor_vol_60,-0.44443065007545757,2020
2020-08-07,factor_pe,-0.5087627779834276,2020
2020-08-07,factor_momentum_20,-0.2972077792647853,2020
2020-08-07,factor_vol_60,-0.45476124035422405,2020
2020-08-10,factor_pe,-0.38259973233862,2020
2020-08-10,factor_momentum_20,-0.22998035251573212,2020
2020-08-10,factor_vol_60,-0.2606873772032232,2020
2020-08-11,factor_pe,-0.18314530595973683,2020
2020-08-11,factor_momentum_20,-0.22711922321250597,2020
2020-08-11,factor_vol_60,-0.06467040633275432,2020
2020-08-12,factor_pe,0.009737179304649901,2020
2020-08-12,factor_momentum_20,-0.10806116347276398,2020
2020-08-12,factor_vol_60,-0.04031663771747485,2020
2020-08-13,factor_pe,-0.012541359378114406,2020
2020-08-13,factor_momentum_20,-0.1208997978302343,2020
2020-08-13,factor_vol_60,-0.04762436288049202,2020
2020-08-14,factor_pe,-0.029405165295139372,2020
2020-08-14,factor_momentum_20,-0.1577687291779378,2020
2020-08-14,factor_vol_60,-0.11275378000512538,2020
2020-08-17,factor_pe,0.08689655172413789,2020
2020-08-17,factor_momentum_20,-0.21835131979839964,2020
2020-08-17,factor_vol_60,-0.2243742703379936,2020
2020-08-18,factor_pe,-0.1254284005808821,2020
2020-08-18,factor_momentum_20,-0.2571542469888094,2020
2020-08-18,factor_vol_60,-0.4107121501181695,2020
2020-08-19,factor_pe,-0.04762208491130156,2020
2020-08-19,factor_momentum_20,-0.17947777556308545,2020
2020-08-19,factor_vol_60,-0.31938153136478814,2020
2020-08-20,factor_pe,0.09525669865315067,2020
2020-08-20,factor_momentum_20,-0.17751872205928407,2020
2020-08-20,factor_vol_60,-0.1633155841567242,2020
2020-08-21,factor_pe,0.1283829266209174,2020
2020-08-21,factor_momentum_20,0.06308038383780856,2020
2020-08-21,factor_vol_60,-0.05501181696517552,2020
2020-08-24,factor_pe,0.011705344685213127,2020
2020-08-24,factor_momentum_20,0.07262279677667356,2020
2020-08-24,factor_vol_60,-0.15232893875110334,2020
2020-08-25,factor_pe,0.2241624192032802,2020
2020-08-25,factor_momentum_20,0.07120589994020328,2020
2020-08-25,factor_vol_60,0.10465787750220674,2020
2020-08-26,factor_pe,0.297435576183832,2020
2020-08-26,factor_momentum_20,-0.07272758335943504,2020
2020-08-26,factor_vol_60,0.24173922947692122,2020
2020-08-27,factor_pe,0.06983228451835186,2020
2020-08-27,factor_momentum_20,0.1071978131495771,2020
2020-08-27,factor_vol_60,-0.004987613542526835,2020
2020-08-28,factor_pe,-0.0584879979498277,2020
2020-08-28,factor_momentum_20,-0.11498163387340182,2020
2020-08-28,factor_vol_60,-0.14747230843702833,2020
2020-08-31,factor_pe,-0.2780865058800079,2020
2020-08-31,factor_momentum_20,0.023491557276687825,2020
2020-08-31,factor_vol_60,-0.3213975340983512,2020
2020-09-01,factor_pe,-0.4861994931518549,2020
2020-09-01,factor_momentum_20,0.05260172556166176,2020
2020-09-01,factor_vol_60,-0.4196121757453229,2020
2020-09-02,factor_pe,-0.6026834477063695,2020
2020-09-02,factor_momentum_20,0.08077564850935388,2020
2020-09-02,factor_vol_60,-0.4703243258634925,2020
2020-09-03,factor_pe,-0.5836510151200203,2020
2020-09-03,factor_momentum_20,0.17340926563968215,2020
2020-09-03,factor_vol_60,-0.41294455992482687,2020
2020-09-04,factor_pe,-0.4067621515419002,2020
2020-09-04,factor_momentum_20,0.2757720891824937,2020
2020-09-04,factor_vol_60,-0.3241948802642443,2020
2020-09-07,factor_pe,-0.16486688117543202,2020
2020-09-07,factor_momentum_20,0.300617899142914,2020
2020-09-07,factor_vol_60,-0.15181411771405787,2020
2020-09-08,factor_pe,0.04972237250491185,2020
2020-09-08,factor_momentum_20,0.13826247899997146,2020
2020-09-08,factor_vol_60,-0.0026663629374412703,2020
2020-09-09,factor_pe,0.1418730601668612,2020
2020-09-09,factor_momentum_20,0.17869643213075537,2020
2020-09-09,factor_vol_60,0.0849876135425268,2020
2020-09-10,factor_pe,0.05540818360431673,2020
2020-09-10,factor_momentum_20,-0.13774537999373554,2020
2020-09-10,factor_vol_60,0.014990176257866106,2020
2020-09-11,factor_pe,-0.1461738659984623,2020
2020-09-11,factor_momentum_20,-0.08072781115635408,2020
2020-09-11,factor_vol_60,0.15821521113926929,2020
2020-09-14,factor_pe,-0.20373359150317483,2020
2020-09-14,factor_momentum_20,-0.2719337110965573,2020
2020-09-14,factor_vol_60,0.1411942253481021,2020
2020-09-15,factor_pe,-0.23655684956860948,2020
2020-09-15,factor_momentum_20,-0.26462598593354014,2020
2020-09-15,factor_vol_60,0.0506221703351462,2020
2020-09-16,factor_pe,0.08306728551496338,2020
2020-09-16,factor_momentum_20,-0.39290982089467225,2020
2020-09-16,factor_vol_60,0.2972237250491186,2020
2020-09-17,factor_pe,-0.030232068111278782,2020
2020-09-17,factor_momentum_20,-0.3578017597311995,2020
2020-09-17,factor_vol_60,0.06568638059170247,2020
2020-09-18,factor_pe,0.049540134969674514,2020
2020-09-18,factor_momentum_20,-0.2721888436458896,2020
2020-09-18,factor_vol_60,-0.06454284005808819,2020
2020-09-21,factor_pe,-0.0242729007090179,2020
2020-09-21,factor_momentum_20,0.006625473390472391,2020
2020-09-21,factor_vol_60,-0.11638714086391977,2020
2020-09-22,factor_pe,0.1636732253196275,2020
2020-09-22,factor_momentum_20,-0.08684643640194763,2020
2020-09-22,factor_vol_60,0.06879580853668951,2020
2020-09-23,factor_pe,0.13515760699336535,2020
2020-09-23,factor_momentum_20,-0.13646971724707418,2020
2020-09-23,factor_vol_60,-0.008876106950653488,2020
2020-09-24,factor_pe,0.3647905692075513,2020
2020-09-24,factor_momentum_20,-0.161142401549019,2020
2020-09-24,factor_vol_60,0.3097616674734473,2020
2020-09-25,factor_pe,0.4453372818132633,2020
2020-09-25,factor_momentum_20,-0.16859819470941648,2020
2020-09-25,factor_vol_60,0.47142914092086885,2020
2020-09-28,factor_pe,0.45987755915601225,2020
2020-09-28,factor_momentum_20,-0.2845809960420284,2020
2020-09-28,factor_vol_60,0.5035530624448302,2020
2020-09-29,factor_pe,0.26334121131011695,2020
2020-09-29,factor_momentum_20,-0.1566753039665138,2020
2020-09-29,factor_vol_60,0.3328033258350179,2020
2020-09-30,factor_pe,0.08405136820524499,2020
2020-09-30,factor_momentum_20,-0.05547652268003073,2020
2020-09-30,factor_vol_60,0.2267205786041743,2020
2020-10-09,factor_pe,-0.19817306870924564,2020
2020-10-09,factor_momentum_20,-0.037350721831487216,2020
2020-10-09,factor_vol_60,-0.13257438993137613,2020
2020-10-12,factor_pe,-0.4139537002762036,2020
2020-10-12,factor_momentum_20,-0.02657592756057973,2020
2020-10-12,factor_vol_60,-0.3867775278339359,2020
2020-10-13,factor_pe,-0.3265047410233775,2020
2020-10-13,factor_momentum_20,-0.0723949998576269,2020
2020-10-13,factor_vol_60,-0.31335630285600374,2020
2020-10-14,factor_pe,-0.43448503658987997,2020
2020-10-14,factor_momentum_20,-0.2002756342720464,2020
2020-10-14,factor_vol_60,-0.4347652268003074,2020
2020-10-15,factor_pe,-0.37729889803240396,2020
2020-10-15,factor_momentum_20,-0.1922526267832227,2020
2020-10-15,factor_vol_60,-0.3918870127281527,2020
2020-10-16,factor_pe,-0.3909484894216804,2020
2020-10-16,factor_momentum_20,-0.24406959195876865,2020
2020-10-16,factor_vol_60,-0.3883083231299295,2020
2020-10-19,factor_pe,-0.2869637518152566,2020
2020-10-19,factor_momentum_20,-0.056307981434551076,2020
2020-10-19,factor_vol_60,-0.30160653777157653,2020
2020-10-20,factor_pe,-0.2507759332555026,2020
2020-10-20,factor_momentum_20,-0.046428429055497,2020
2020-10-20,factor_vol_60,-0.39472991827785514,2020
2020-10-21,factor_pe,0.16411742931176848,2020
2020-10-21,factor_momentum_20,-0.05585010962726727,2020
2020-10-21,factor_vol_60,0.03151456476551153,2020
2020-10-22,factor_pe,0.25421338876391686,2020
2020-10-22,factor_momentum_20,0.03989521341723851,2020
2020-10-22,factor_vol_60,0.17064381104245557,2020
2020-10-23,factor_pe,0.32860958455536876,2020
2020-10-23,factor_momentum_20,-0.08631339161137842,2020
2020-10-23,factor_vol_60,0.1582539366155072,2020
2020-10-26,factor_pe,0.314944047381759,2020
2020-10-26,factor_momentum_20,0.14270224095219106,2020
2020-10-26,factor_vol_60,0.15416725988780997,2020
2020-10-27,factor_pe,0.32927475155898506,2020
2020-10-27,factor_momentum_20,0.16016743073549924,2020
2020-10-27,factor_vol_60,0.1940772801047865,2020
2020-10-28,factor_pe,0.17663942595176393,2020
2020-10-28,factor_momentum_20,0.24554799396338156,2020
2020-10-28,factor_vol_60,0.06353597767590191,2020
2020-10-29,factor_pe,0.18532532247501346,2020
2020-10-29,factor_momentum_20,0.22527179019903748,2020
2020-10-29,factor_vol_60,0.08425182949400606,2020
2020-10-30,factor_pe,0.15814687206355527,2020
2020-10-30,factor_momentum_20,0.2603752954241293,2020
2020-10-30,factor_vol_60,0.07155670719553515,2020
2020-11-02,factor_pe,0.2429055497024402,2020
2020-11-02,factor_momentum_20,-0.05728295224807082,2020
2020-11-02,factor_vol_60,0.1984008656282923,2020
2020-11-03,factor_pe,0.07344514365443204,2020
2020-11-03,factor_momentum_20,0.21706198923659548,2020
2020-11-03,factor_vol_60,0.09286027506477972,2020
2020-11-04,factor_pe,-0.22415786326489925,2020
2020-11-04,factor_momentum_20,0.10534354622853721,2020
2020-11-04,factor_vol_60,-0.1762726729120988,2020
2020-11-05,factor_pe,-0.2069500840001138,2020
2020-11-05,factor_momentum_20,0.18146644266636286,2020
2020-11-05,factor_vol_60,-0.21567015006122034,2020
2020-11-06,factor_pe,0.027733135909336817,2020
2020-11-06,factor_momentum_20,0.1043116261852558,2020
2020-11-06,factor_vol_60,-0.033947435860929964,2020
2020-11-09,factor_pe,-0.1841931717873515,2020
2020-11-09,factor_momentum_20,0.2104672684301944,2020
2020-11-09,factor_vol_60,-0.1737965204020615,2020
2020-11-10,factor_pe,-0.21689569748569143,2020
2020-11-10,factor_momentum_20,0.28769270195620594,2020
2020-11-10,factor_vol_60,-0.20380193057888885,2020
2020-11-11,factor_pe,-0.010832882485264383,2020
2020-11-11,factor_momentum_20,0.18730715567071948,2020
2020-11-11,factor_vol_60,0.07062273982744381,2020
2020-11-12,factor_pe,-0.07524701728409121,2020
2020-11-12,factor_momentum_20,0.01387624932372789,2020
2020-11-12,factor_vol_60,-0.024967681312110242,2020
2020-11-13,factor_pe,-0.13782510891540187,2020
2020-11-13,factor_momentum_20,0.1021840029613599,2020
2020-11-13,factor_vol_60,-0.014245280332583496,2020
2020-11-16,factor_pe,-0.13767476294883108,2020
2020-11-16,factor_momentum_20,0.02698368404567327,2020
2020-11-16,factor_vol_60,-0.012033372248640333,2020
2020-11-17,factor_pe,-0.07397818844500126,2020
2020-11-17,factor_momentum_20,0.012174606338449268,2020
2020-11-17,factor_vol_60,0.004789430222956232,2020
2020-11-18,factor_pe,-0.031569236026082734,2020
2020-11-18,factor_momentum_20,0.13740368461516553,2020
2020-11-18,factor_vol_60,-0.013441157208348752,2020
2020-11-19,factor_pe,-0.2202352003189156,2020
2020-11-19,factor_momentum_20,0.10081949941627036,2020
2020-11-19,factor_vol_60,-0.20076311967880625,2020
2020-11-20,factor_pe,-0.34857598450980937,2020
2020-11-20,factor_momentum_20,-0.1817375210000284,2020
2020-11-20,factor_vol_60,-0.35078561462456204,2020
2020-11-23,factor_pe,-0.308139753409835,2020
2020-11-23,factor_momentum_20,-0.28987499644067305,2020
2020-11-23,factor_vol_60,-0.2473840371308977,2020
2020-11-24,factor_pe,-0.25984680657194104,2020
2020-11-24,factor_momentum_20,-0.3555374583558756,2020
2020-11-24,factor_vol_60,-0.2000091118767618,2020
2020-11-25,factor_pe,-0.10364873715082999,2020
2020-11-25,factor_momentum_20,-0.27720493180329725,2020
2020-11-25,factor_vol_60,-0.06155414448019588,2020
2020-11-26,factor_pe,0.056790910902930015,2020
2020-11-26,factor_momentum_20,-0.43806372618810313,2020
2020-11-26,factor_vol_60,0.039646914775477646,2020
2020-11-27,factor_pe,0.3298920812096015,2020
2020-11-27,factor_momentum_20,-0.2681181127025256,2020
2020-11-27,factor_vol_60,0.24614709986047428,2020
2020-11-30,factor_pe,0.4101358239129814,2020
2020-11-30,factor_momentum_20,-0.36795011247472864,2020
2020-11-30,factor_vol_60,0.21842421481249458,2020
2020-12-01,factor_pe,0.489343090634699,2020
2020-12-01,factor_momentum_20,-0.441489791850565,2020
2020-12-01,factor_vol_60,0.25121330334007225,2020
2020-12-02,factor_pe,0.2775967425040575,2020
2020-12-02,factor_momentum_20,-0.4688277001053559,2020
2020-12-02,factor_vol_60,0.058661123608303174,2020
2020-12-03,factor_pe,0.36371992368803197,2020
2020-12-03,factor_momentum_20,-0.25194225348102156,2020
2020-12-03,factor_vol_60,0.20484068452974166,2020
2020-12-04,factor_pe,0.13134884250690504,2020
2020-12-04,factor_momentum_20,-0.24130185939235163,2020
2020-12-04,factor_vol_60,0.02801104815057375,2020
2020-12-07,factor_pe,0.14349953016885442,2020
2020-12-07,factor_momentum_20,0.03214556223127081,2020
2020-12-07,factor_vol_60,0.09841168598194705,2020
2020-12-08,factor_pe,0.18275121728978608,2020
2020-12-08,factor_momentum_20,-0.07236538625815082,2020
2020-12-08,factor_vol_60,0.1340960733506079,2020
2020-12-09,factor_pe,0.2929046954639937,2020
2020-12-09,factor_momentum_20,0.030956462313847192,2020
2020-12-09,factor_vol_60,0.2611885304251259,2020
2020-12-10,factor_pe,0.2838361001167458,2020
2020-12-10,factor_momentum_20,0.047699535863777426,2020
2020-12-10,factor_vol_60,0.30243344058771593,2020
2020-12-11,factor_pe,0.26998149150032735,2020
2020-12-11,factor_momentum_20,0.0266670463281984,2020
2020-12-11,factor_vol_60,0.30221247757624065,2020
2020-12-14,factor_pe,0.26702924342948253,2020
2020-12-14,factor_momentum_20,-0.17776018679347355,2020
2020-12-14,factor_vol_60,0.3074335829607903,2020
2020-12-15,factor_pe,0.10036846151655796,2020
2020-12-15,factor_momentum_20,0.06526495629146613,2020
2020-12-15,factor_vol_60,0.06539252256613226,2020
2020-12-16,factor_pe,0.25187391440530754,2020
2020-12-16,factor_momentum_20,0.0973342065548563,2020
2020-12-16,factor_vol_60,0.26588342492667777,2020
2020-12-17,factor_pe,0.1468185312793644,2020
2020-12-17,factor_momentum_20,0.11901363934052787,2020
2020-12-17,factor_vol_60,0.14892793074973654,2020
2020-12-18,factor_pe,0.196300578034682,2020
2020-12-18,factor_momentum_20,0.19560579743158965,2020
2020-12-18,factor_vol_60,0.19124120846265547,2020
2020-12-21,factor_pe,0.1354628548648879,2020
2020-12-21,factor_momentum_20,0.18486517269853917,2020
2020-12-21,factor_vol_60,0.1865668156838178,2020
2020-12-22,factor_pe,0.16503545089552657,2020
2020-12-22,factor_momentum_20,0.022917509040690214,2020
2020-12-22,factor_vol_60,0.2440194766365784,2020
2020-12-23,factor_pe,0.20273584099775044,2020
2020-12-23,factor_momentum_20,0.17555739058629224,2020
2020-12-23,factor_vol_60,0.18121358808622107,2020
2020-12-24,factor_pe,0.30777983427774125,2020
2020-12-24,factor_momentum_20,0.07609442182294482,2020
2020-12-24,factor_vol_60,0.3348443862296761,2020
2020-12-25,factor_pe,0.4674563626526949,2020
2020-12-25,factor_momentum_20,0.216683846350978,2020
2020-12-25,factor_vol_60,0.4379498277285798,2020
2020-12-28,factor_pe,0.5388752527122068,2020
2020-12-28,factor_momentum_20,0.2561268828839089,2020
2020-12-28,factor_vol_60,0.4093294228195562,2020
2020-12-29,factor_pe,0.5698032404111733,2020
2020-12-29,factor_momentum_20,0.32901961900965276,2020
2020-12-29,factor_vol_60,0.48900367322531946,2020
2020-12-30,factor_pe,0.48844101483527413,2020
2020-12-30,factor_momentum_20,0.31138130356786914,2020
2020-12-30,factor_vol_60,0.48592613684899894,2020
2020-12-31,factor_pe,0.3680025057661094,2020
2020-12-31,factor_momentum_20,0.3592551040747172,2020
2020-12-31,factor_vol_60,0.36863350323186866,2020
2021-01-04,factor_pe,0.18477633190011097,2021
2021-01-04,factor_momentum_20,0.16516073920100224,2021
2021-01-04,factor_vol_60,0.21278851903527995,2021
2021-01-05,factor_pe,0.04155129701870781,2021
2021-01-05,factor_momentum_20,0.05921922605996752,2021
2021-01-05,factor_vol_60,0.12073806201771116,2021
2021-01-06,factor_pe,0.006739371849995726,2021
2021-01-06,factor_momentum_20,0.11983143027990542,2021
2021-01-06,factor_vol_60,0.10534810216691814,2021
2021-01-07,factor_pe,-0.26331387567983133,2021
2021-01-07,factor_momentum_20,-0.2626373188302627,2021
2021-01-07,factor_vol_60,-0.23703294512941703,2021
2021-01-08,factor_pe,-0.4337743102024543,2021
2021-01-08,factor_momentum_20,-0.3112514593240125,2021
2021-01-08,factor_vol_60,-0.34302457359264205,2021
2021-01-11,factor_pe,-0.36236680998889476,2021
2021-01-11,factor_momentum_20,-0.2622751217289785,2021
2021-01-11,factor_vol_60,-0.27222529115293703,2021
2021-01-12,factor_pe,-0.5119610467268428,2021
2021-01-12,factor_momentum_20,-0.4068601042170903,2021
2021-01-12,factor_vol_60,-0.46053361428286665,2021
2021-01-13,factor_pe,-0.2982237535237335,2021
2021-01-13,factor_momentum_20,-0.30178194139924247,2021
2021-01-13,factor_vol_60,-0.2555778923090064,2021
2021-01-14,factor_pe,0.1334992454227056,2021
2021-01-14,factor_momentum_20,0.06085025200034167,2021
2021-01-14,factor_vol_60,0.2155015803411258,2021
2021-01-15,factor_pe,0.3964156154788005,2021
2021-01-15,factor_momentum_20,0.2270349383524587,2021
2021-01-15,factor_vol_60,0.39593496397961203,2021
2021-01-18,factor_pe,0.33947321962470445,2021
2021-01-18,factor_momentum_20,0.1471260571200774,2021
2021-01-18,factor_vol_60,0.3431156923602607,2021
2021-01-19,factor_pe,0.348530425126,2021
2021-01-19,factor_momentum_20,0.18322047894302224,2021
2021-01-19,factor_vol_60,0.3711005438651441,2021
2021-01-20,factor_pe,0.09705857228280984,2021
2021-01-20,factor_momentum_20,0.13709615877445253,2021
2021-01-20,factor_vol_60,0.20928728038953265,2021
2021-01-21,factor_pe,-0.1369412568695008,2021
2021-01-21,factor_momentum_20,-0.1832705942652125,2021
2021-01-21,factor_vol_60,-0.19061932287365807,2021
2021-01-22,factor_pe,-0.2618035821065519,2021
2021-01-22,factor_momentum_20,-0.20074945186366347,2021
2021-01-22,factor_vol_60,-0.300652068680771,2021
2021-01-25,factor_pe,-0.41180329736040305,2021
2021-01-25,factor_momentum_20,-0.21835815370597103,2021
2021-01-25,factor_vol_60,-0.43707280959025013,2021
2021-01-26,factor_pe,-0.02229334548250234,2021
2021-01-26,factor_momentum_20,0.10472849454711121,2021
2021-01-26,factor_vol_60,-0.07145192061277368,2021
2021-01-27,factor_pe,0.031316381445940934,2021
2021-01-27,factor_momentum_20,0.18900424271761718,2021
2021-01-27,factor_vol_60,-0.017372932031094274,2021
2021-01-28,factor_pe,0.0826344713687747,2021
2021-01-28,factor_momentum_20,0.28732139297815984,2021
2021-01-28,factor_vol_60,0.161039892935448,2021
2021-01-29,factor_pe,-0.08601042170904635,2021
2021-01-29,factor_momentum_20,0.24491699649762227,2021
2021-01-29,factor_vol_60,-0.05320310942794496,2021
2021-02-01,factor_pe,0.011657507332213327,2021
2021-02-01,factor_momentum_20,0.41163244967111806,2021
2021-02-01,factor_vol_60,0.0701922036504456,2021
2021-02-02,factor_pe,-0.02297673623964235,2021
2021-02-02,factor_momentum_20,0.3734924115151341,2021
2021-02-02,factor_vol_60,0.0843042227853868,2021
2021-02-03,factor_pe,0.09993109143198835,2021
2021-02-03,factor_momentum_20,0.18215211139269333,2021
2021-02-03,factor_vol_60,0.12881574076710609,2021
2021-02-04,factor_pe,0.010559526182408378,2021
2021-02-04,factor_momentum_20,-0.04908909706996211,2021
2021-02-04,factor_vol_60,0.13614168968364698,2021
2021-02-05,factor_pe,0.11040519376975422,2021
2021-02-05,factor_momentum_20,-0.28184515504427793,2021
2021-02-05,factor_vol_60,0.30180927702952803,2021
2021-02-08,factor_pe,-0.17286938694154155,2021
2021-02-08,factor_momentum_20,-0.336630314075002,2021
2021-02-08,factor_vol_60,-0.008627808308892619,2021
2021-02-09,factor_pe,-0.33469859620148623,2021
2021-02-09,factor_momentum_20,-0.2754691192801616,2021
2021-02-09,factor_vol_60,-0.21321222130470677,2021
2021-02-10,factor_pe,-0.39595090976394526,2021
2021-02-10,factor_momentum_20,-0.4368974059625842,2021
2021-02-10,factor_vol_60,-0.2713391611378455,2021
2021-02-18,factor_pe,-0.5143825279763089,2021
2021-02-18,factor_momentum_20,-0.43593382499501676,2021
2021-02-18,factor_vol_60,-0.40287593610296407,2021
2021-02-19,factor_pe,-0.5383217061989235,2021
2021-02-19,factor_momentum_20,-0.2960209573165522,2021
2021-02-19,factor_vol_60,-0.48591019106466565,2021
2021-02-22,factor_pe,-0.3490657478857597,2021
2021-02-22,factor_momentum_20,-0.21190466698937888,2021
2021-02-22,factor_vol_60,-0.28596827927902263,2021
2021-02-23,factor_pe,-0.3458629232039635,2021
2021-02-23,factor_momentum_20,-0.32890572055012945,2021
2021-02-23,factor_vol_60,-0.31310344827586195,2021
2021-02-24,factor_pe,-0.41050713289102747,2021
2021-02-24,factor_momentum_20,0.10407016145106633,2021
2021-02-24,factor_vol_60,-0.2427050884136791,2021
2021-02-25,factor_pe,-0.49766906802585475,2021
2021-02-25,factor_momentum_20,0.14053361428286676,2021
2021-02-25,factor_vol_60,-0.4099672541928869,2021
2021-02-26,factor_pe,-0.4219584840115036,2021
2021-02-26,factor_momentum_20,0.07144053076682134,2021
2021-02-26,factor_vol_60,-0.3920783621401519,2021
2021-03-01,factor_pe,-0.6069478060309232,2021
2021-03-01,factor_momentum_20,0.22466357242518287,2021
2021-03-01,factor_vol_60,-0.629497423047353,2021
2021-03-02,factor_pe,-0.6328574276032914,2021
2021-03-02,factor_momentum_20,0.2720772231555567,2021
2021-03-02,factor_vol_60,-0.6407938722628774,2021
2021-03-03,factor_pe,-0.4928762208491128,2021
2021-03-03,factor_momentum_20,0.1276038611577778,2021
2021-03-03,factor_vol_60,-0.6600358780147496,2021
2021-03-04,factor_pe,-0.18841197072809582,2021
2021-03-04,factor_momentum_20,0.12200005694922972,2021
2021-03-04,factor_vol_60,-0.3028890344258093,2021
2021-03-05,factor_pe,-0.2534115436088726,2021
2021-03-05,factor_momentum_20,0.2987157948688743,2021
2021-03-05,factor_vol_60,-0.1963757510179674,2021
2021-03-08,factor_pe,-0.331021953928073,2021
2021-03-08,factor_momentum_20,0.29085907913095466,2021
2021-03-08,factor_vol_60,-0.15306016686124313,2021
2021-03-09,factor_pe,-0.3345573621116773,2021
2021-03-09,factor_momentum_20,0.22770238332526543,2021
2021-03-09,factor_vol_60,-0.0986417608701842,2021
2021-03-10,factor_pe,-0.2991941683988723,2021
2021-03-10,factor_momentum_20,0.17604032005467118,2021
2021-03-10,factor_vol_60,-0.08869386941541613,2021
2021-03-11,factor_pe,-0.3077524986474557,2021
2021-03-11,factor_momentum_20,-0.013299923118539817,2021
2021-03-11,factor_vol_60,-0.1345881146957487,2021
2021-03-12,factor_pe,-0.18206782653264608,2021
2021-03-12,factor_momentum_20,-0.015969703009766786,2021
2021-03-12,factor_vol_60,-0.15707394857484547,2021
2021-03-15,factor_pe,0.16826333323841788,2021
2021-03-15,factor_momentum_20,-0.29638315441783636,2021
2021-03-15,factor_vol_60,0.1708602181155499,2021
2021-03-16,factor_pe,0.16882826959765362,2021
2021-03-16,factor_momentum_20,-0.2774486745066772,2021
2021-03-16,factor_vol_60,0.047355562516016955,2021
2021-03-17,factor_pe,-0.0602260884421538,2021
2021-03-17,factor_momentum_20,0.015776075628577118,2021
2021-03-17,factor_vol_60,-0.36847404538853595,2021
2021-03-18,factor_pe,-0.07116717446396535,2021
2021-03-18,factor_momentum_20,0.08226771832910956,2021
2021-03-18,factor_vol_60,-0.4041060394658161,2021
2021-03-19,factor_pe,0.0897485691506022,2021
2021-03-19,factor_momentum_20,-0.19079017056294306,2021
2021-03-19,factor_vol_60,-0.07333807910248011,2021
2021-03-22,factor_pe,0.176464022324098,2021
2021-03-22,factor_momentum_20,-0.18942111107947257,2021
2021-03-22,factor_vol_60,-0.13091602836071636,2021
2021-03-23,factor_pe,0.25738887781542746,2021
2021-03-23,factor_momentum_20,-0.3137230558956689,2021
2021-03-23,factor_vol_60,0.13402317833651295,2021
2021-03-24,factor_pe,0.21751758307468883,2021
2021-03-24,factor_momentum_20,-0.3180170278196986,2021
2021-03-24,factor_vol_60,0.34531393262906107,2021
2021-03-25,factor_pe,0.21689114154731048,2021
2021-03-25,factor_momentum_20,-0.20627808308892615,2021
2021-03-25,factor_vol_60,0.4006617500498304,2021
2021-03-26,factor_pe,0.2854443463652153,2021
2021-03-26,factor_momentum_20,-0.2454432073806201,2021
2021-03-26,factor_vol_60,0.24258435604658438,2021
2021-03-29,factor_pe,0.35981776246476255,2021
2021-03-29,factor_momentum_20,-0.3978598479455564,2021
2021-03-29,factor_vol_60,0.363959110453031,2021
2021-03-30,factor_pe,0.042929468378940155,2021
2021-03-30,factor_momentum_20,-0.10022039351917761,2021
2021-03-30,factor_vol_60,0.18731398957829087,2021
2021-03-31,factor_pe,0.39019448161963594,2021
2021-03-31,factor_momentum_20,-0.3217916227683019,2021
2021-03-31,factor_vol_60,0.5060588285543436,2021
2021-04-01,factor_pe,0.117842763176628,2021
2021-04-01,factor_momentum_20,-0.06505310515675274,2021
2021-04-01,factor_vol_60,0.16258435604658442,2021
2021-04-02,factor_pe,-0.28624163558187865,2021
2021-04-02,factor_momentum_20,0.11881773399014774,2021
2021-04-02,factor_vol_60,-0.22730601668612424,2021
2021-04-06,factor_pe,-0.25149804948888055,2021
2021-04-06,factor_momentum_20,0.01108345909621572,2021
2021-04-06,factor_vol_60,-0.3146570232637602,2021
2021-04-07,factor_pe,-0.010846550300407183,2021
2021-04-07,factor_momentum_20,-0.04512087474016912,2021
2021-04-07,factor_vol_60,-0.161039892935448,2021
2021-04-08,factor_pe,-0.11777898003929492,2021
2021-04-08,factor_momentum_20,0.06695293146160196,2021
2021-04-08,factor_vol_60,-0.1428844784874284,2021
2021-04-09,factor_pe,-0.060426549730914866,2021
2021-04-09,factor_momentum_20,0.1014664426663629,2021
2021-04-09,factor_vol_60,-0.07030382414077847,2021
2021-04-12,factor_pe,0.40073236709473486,2021
2021-04-12,factor_momentum_20,-0.12716876904239865,2021
2021-04-12,factor_vol_60,0.4857438993137616,2021
2021-04-13,factor_pe,0.37073151285628847,2021
2021-04-13,factor_momentum_20,0.005657336484524045,2021
2021-04-13,factor_vol_60,0.5379982345738772,2021
2021-04-14,factor_pe,0.2657558586520116,2021
2021-04-14,factor_momentum_20,0.16412881915772082,2021
2021-04-14,factor_vol_60,0.37639454426378866,2021
2021-04-15,factor_pe,0.27372191691107367,2021
2021-04-15,factor_momentum_20,0.032749224066744485,2021
2021-04-15,factor_vol_60,0.3338853612004896,2021
2021-04-16,factor_pe,0.4297309148893759,2021
2021-04-16,factor_momentum_20,-0.0992226430137532,2021
2021-04-16,factor_vol_60,0.5012545915316493,2021
2021-04-19,factor_pe,0.22878897462911804,2021
2021-04-19,factor_momentum_20,-0.037177596173011744,2021
2021-04-19,factor_vol_60,0.33061647541216993,2021
2021-04-20,factor_pe,0.18465787750220672,2021
2021-04-20,factor_momentum_20,0.03308636350693356,2021
2021-04-20,factor_vol_60,0.21010507132891018,2021
2021-04-21,factor_pe,0.2378006207466043,2021
2021-04-21,factor_momentum_20,0.18389703579259084,2021
2021-04-21,factor_vol_60,0.31527663088356717,2021
2021-04-22,factor_pe,0.13864517782396987,2021
2021-04-22,factor_momentum_20,0.16737720322332633,2021
2021-04-22,factor_vol_60,0.13682508044078698,2021
2021-04-23,factor_pe,0.12407073094336395,2021
2021-04-23,factor_momentum_20,0.19490646089011637,2021
2021-04-23,factor_vol_60,0.048943307041772244,2021
2021-04-26,factor_pe,0.02886756456618923,2021
2021-04-26,factor_momentum_20,0.25323841795039714,2021
2021-04-26,factor_vol_60,0.057150830035023754,2021
2021-04-27,factor_pe,-0.23500783051909213,2021
2021-04-27,factor_momentum_20,0.11065577038070555,2021
2021-04-27,factor_vol_60,0.009085680116176425,2021
2021-04-28,factor_pe,-0.22099148609015054,2021
2021-04-28,factor_momentum_20,0.13776815968564018,2021
2021-04-28,factor_vol_60,-0.04656738517611547,2021
2021-04-29,factor_pe,-0.17162333779435626,2021
2021-04-29,factor_momentum_20,0.06510094250975253,2021
2021-04-29,factor_vol_60,-0.06368632364247272,2021
2021-04-30,factor_pe,-0.2238662832085195,2021
2021-04-30,factor_momentum_20,0.04985449471795892,2021
2021-04-30,factor_vol_60,-0.05396395113756084,2021
2021-05-06,factor_pe,-0.15841567242803034,2021
2021-05-06,factor_momentum_20,0.026806002448816868,2021
2021-05-06,factor_vol_60,-0.22330818075685518,2021
2021-05-07,factor_pe,0.11952162647000195,2021
2021-05-07,factor_momentum_20,-0.22350180813804485,2021
2021-05-07,factor_vol_60,-0.1437933881944246,2021
2021-05-10,factor_pe,0.25035906489364723,2021
2021-05-10,factor_momentum_20,-0.3372818132634755,2021
2021-05-10,factor_vol_60,0.036236794897348996,2021
2021-05-11,factor_pe,0.2555870041857683,2021
2021-05-11,factor_momentum_20,-0.17482388450696199,2021
2021-05-11,factor_vol_60,0.18697229419972086,2021
2021-05-12,factor_pe,0.3075565932970755,2021
2021-05-12,factor_momentum_20,-0.18071015689512793,2021
2021-05-12,factor_vol_60,0.181491500327458,2021
2021-05-13,factor_pe,0.26681511432557864,2021
2021-05-13,factor_momentum_20,-0.08001936273811894,2021
2021-05-13,factor_vol_60,0.20523705116888286,2021
2021-05-14,factor_pe,0.2090503715937241,2021
2021-05-14,factor_momentum_20,0.07222870810672283,2021
2021-05-14,factor_vol_60,0.24219482331501457,2021
2021-05-17,factor_pe,0.10573763489848796,2021
2021-05-17,factor_momentum_20,0.04910048691591444,2021
2021-05-17,factor_vol_60,-0.09977163358865568,2021
2021-05-18,factor_pe,0.20452632478145724,2021
2021-05-18,factor_momentum_20,0.041968165380563215,2021
2021-05-18,factor_vol_60,0.01242746091859107,2021
2021-05-19,factor_pe,0.10257581366212018,2021
2021-05-19,factor_momentum_20,-0.036785785472251475,2021
2021-05-19,factor_vol_60,-0.019751131865941504,2021
2021-05-20,factor_pe,0.2740522224436913,2021
2021-05-20,factor_momentum_20,-0.03262849169964975,2021
2021-05-20,factor_vol_60,0.2917383752384748,2021
2021-05-21,factor_pe,0.22328084512656957,2021
2021-05-21,factor_momentum_20,-0.08663230729804376,2021
2021-05-21,factor_vol_60,0.09921125316780087,2021
2021-05-24,factor_pe,0.3157413365984224,2021
2021-05-24,factor_momentum_20,0.059590535038013585,2021
2021-05-24,factor_vol_60,0.33044562772288494,2021
2021-05-25,factor_pe,0.22907599874711684,2021
2021-05-25,factor_momentum_20,-0.051444517212904675,2021
2021-05-25,factor_vol_60,0.3275708306045159,2021
2021-05-26,factor_pe,0.10551894985620315,2021
2021-05-26,factor_momentum_20,-0.03287679034141062,2021
2021-05-26,factor_vol_60,0.21430336854694032,2021
2021-05-27,factor_pe,-0.03427774139354764,2021
2021-05-27,factor_momentum_20,-0.0027255901363934043,2021
2021-05-27,factor_vol_60,-0.013240695919587682,2021
2021-05-28,factor_pe,0.062394715111478094,2021
2021-05-28,factor_momentum_20,-0.054736182693129055,2021
2021-05-28,factor_vol_60,-0.0002494376263561034,2021
2021-05-31,factor_pe,-0.0975733933198553,2021
2021-05-31,factor_momentum_20,-0.06980494888806626,2021
2021-05-31,factor_vol_60,-0.14751331188245673,2021
2021-06-01,factor_pe,-0.21445827045189206,2021
2021-06-01,factor_momentum_20,-0.011559554657023258,2021
2021-06-01,factor_vol_60,-0.38280702753495244,2021
2021-06-02,factor_pe,0.113532845468265,2021
2021-06-02,factor_momentum_20,0.06136051709900621,2021
2021-06-02,factor_vol_60,-0.09069620433383635,2021
2021-06-03,factor_pe,0.30405991058970916,2021
2021-06-03,factor_momentum_20,0.019839972664369706,2021
2021-06-03,factor_vol_60,0.09492411515134254,2021
2021-06-04,factor_pe,0.08303311597710637,2021
2021-06-04,factor_momentum_20,-0.2287730288447848,2021
2021-06-04,factor_vol_60,0.07624932372789656,2021
2021-06-07,factor_pe,-0.09306073635354078,2021
2021-06-07,factor_momentum_20,-0.18119536433269734,2021
2021-06-07,factor_vol_60,0.0011287337338762489,2021
2021-06-08,factor_pe,-0.1715868902873088,2021
2021-06-08,factor_momentum_20,-0.18835502149833416,2021
2021-06-08,factor_vol_60,-0.21415074461117906,2021
2021-06-09,factor_pe,-0.08348187590762832,2021
2021-06-09,factor_momentum_20,-0.010295281756314242,2021
2021-06-09,factor_vol_60,-0.1542515447478572,2021
2021-06-10,factor_pe,-0.14582078077393998,2021
2021-06-10,factor_momentum_20,0.06908738859306925,2021
2021-06-10,factor_vol_60,-0.07641333750961016,2021
2021-06-11,factor_pe,0.053446852131324905,2021
2021-06-11,factor_momentum_20,0.2572521996639994,2021
2021-06-11,factor_vol_60,0.00556393974771491,2021
2021-06-15,factor_pe,0.1040314359748284,2021
2021-06-15,factor_momentum_20,0.17056636008997972,2021
2021-06-15,factor_vol_60,0.11923004641362221,2021
2021-06-16,factor_pe,0.3041464734189469,2021
2021-06-16,factor_momentum_20,0.05262450525356643,2021
2021-06-16,factor_vol_60,0.4844067313989576,2021
2021-06-17,factor_pe,0.0890993479313192,2021
2021-06-17,factor_momentum_20,-0.1204419260229505,2021
2021-06-17,factor_vol_60,0.2893510635268657,2021
2021-06-18,factor_pe,0.10706569093653004,2021
2021-06-18,factor_momentum_20,-0.0556223127082206,2021
2021-06-18,factor_vol_60,0.38757253908140876,2021
2021-06-21,factor_pe,0.08139981206754175,2021
2021-06-21,factor_momentum_20,-0.2085241607107263,2021
2021-06-21,factor_vol_60,0.19665366325920433,2021
2021-06-22,factor_pe,0.1892343176058543,2021
2021-06-22,factor_momentum_20,0.020591702497223717,2021
2021-06-22,factor_vol_60,0.1702861698795523,2021
2021-06-23,factor_pe,0.20134855776075622,2021
2021-06-23,factor_momentum_20,-0.03299296677012442,2021
2021-06-23,factor_vol_60,0.15539736325066197,2021
2021-06-24,factor_pe,0.12128021868504224,2021
2021-06-24,factor_momentum_20,-0.12660383268316291,2021
2021-06-24,factor_vol_60,0.028400580882143558,2021
2021-06-25,factor_pe,-0.062460776218001626,2021
2021-06-25,factor_momentum_20,0.02607249636948659,2021
2021-06-25,factor_vol_60,-0.14067484837267571,2021
2021-06-28,factor_pe,-0.02597682166348699,2021
2021-06-28,factor_momentum_20,0.08830889262222726,2021
2021-06-28,factor_vol_60,0.040674278880378126,2021
2021-06-29,factor_pe,-0.11727782681739225,2021
2021-06-29,factor_momentum_20,-0.013240695919587682,2021
2021-06-29,factor_vol_60,-0.017300037016999337,2021
2021-06-30,factor_pe,-0.056720293858025544,2021
2021-06-30,factor_momentum_20,-0.008962669779891224,2021
2021-06-30,factor_vol_60,0.032024829864176076,2021
2021-07-01,factor_pe,0.13204362310999737,2021
2021-07-01,factor_momentum_20,0.1016509581707907,2021
2021-07-01,factor_vol_60,0.1420302400410034,2021
2021-07-02,factor_pe,0.23790085139098485,2021
2021-07-02,factor_momentum_20,0.02612261169167686,2021
2021-07-02,factor_vol_60,0.2589060052962783,2021
2021-07-05,factor_pe,0.339846806571941,2021
2021-07-05,factor_momentum_20,0.11226857256755599,2021
2021-07-05,factor_vol_60,0.33382157806315654,2021
2021-07-06,factor_pe,0.4090218969788432,2021
2021-07-06,factor_momentum_20,0.1367817990261681,2021
2021-07-06,factor_vol_60,0.43558757367806583,2021
2021-07-07,factor_pe,0.2563934052791935,2021
2021-07-07,factor_momentum_20,0.1387590762834932,2021
2021-07-07,factor_vol_60,0.28293858025570195,2021
2021-07-08,factor_pe,0.11020928841937408,2021
2021-07-08,factor_momentum_20,-0.08226088442153817,2021
2021-07-08,factor_vol_60,0.22664312765169842,2021
2021-07-09,factor_pe,0.12463338933340921,2021
2021-07-09,factor_momentum_20,-0.103819584840115,2021
2021-07-09,factor_vol_60,0.177147413081238,2021
2021-07-12,factor_pe,-0.06761126455764684,2021
2021-07-12,factor_momentum_20,-0.14307810586861808,2021
2021-07-12,factor_vol_60,0.0022494945755858644,2021
2021-07-13,factor_pe,-0.029760528488852175,2021
2021-07-13,factor_momentum_20,-0.044214243002363374,2021
2021-07-13,factor_vol_60,0.026058828554343792,2021
2021-07-14,factor_pe,0.3131080042142429,2021
2021-07-14,factor_momentum_20,0.2318642330362481,2021
2021-07-14,factor_vol_60,0.43391554429226326,2021
2021-07-15,factor_pe,0.22469090805546846,2021
2021-07-15,factor_momentum_20,0.2950345966570801,2021
2021-07-15,factor_vol_60,0.349252541359378,2021
2021-07-16,factor_pe,0.13241721005723392,2021
2021-07-16,factor_momentum_20,0.23346792334633665,2021
2021-07-16,factor_vol_60,0.2450445627722884,2021
2021-07-19,factor_pe,0.156046584469945,2021
2021-07-19,factor_momentum_20,0.1937492525413593,2021
2021-07-19,factor_vol_60,0.13694809077707218,2021
2021-07-20,factor_pe,0.11253053902445966,2021
2021-07-20,factor_momentum_20,0.26700646373757786,2021
2021-07-20,factor_vol_60,0.015420712434864313,2021
2021-07-21,factor_pe,-0.1516478259631538,2021
2021-07-21,factor_momentum_20,0.11092229277599017,2021
2021-07-21,factor_vol_60,-0.2231282211908083,2021
2021-07-22,factor_pe,0.12562202796207175,2021
2021-07-22,factor_momentum_20,0.31009197300606495,2021
2021-07-22,factor_vol_60,0.011147242233548786,2021
2021-07-23,factor_pe,0.10769668840228931,2021
2021-07-23,factor_momentum_20,0.3816543751245763,2021
2021-07-23,factor_vol_60,0.01477376918477177,2021
2021-07-26,factor_pe,0.128478601326917,2021
2021-07-26,factor_momentum_20,0.19709103334377395,2021
2021-07-26,factor_vol_60,0.07428571428571426,2021
2021-07-27,factor_pe,0.03991343717076225,2021
2021-07-27,factor_momentum_20,-0.12279734616589305,2021
2021-07-27,factor_vol_60,0.03668555482787094,2021
2021-07-28,factor_pe,0.2961439676528374,2021
2021-07-28,factor_momentum_20,0.18882656112076077,2021
2021-07-28,factor_vol_60,0.33047068538398006,2021
2021-07-29,factor_pe,0.03260343403855462,2021
2021-07-29,factor_momentum_20,-0.0017437854153022573,2021
2021-07-29,factor_vol_60,-0.010773655286312248,2021
2021-07-30,factor_pe,0.09636834761809843,2021
2021-07-30,factor_momentum_20,-0.026118055753295927,2021
2021-07-30,factor_vol_60,0.00506734246419317,2021
2021-08-02,factor_pe,-0.08454113158119533,2021
2021-08-02,factor_momentum_20,-0.06046983114553373,2021
2021-08-02,factor_vol_60,-0.05976593866567952,2021
2021-08-03,factor_pe,0.0626407357840485,2021
2021-08-03,factor_momentum_20,-0.10034795979384376,2021
2021-08-03,factor_vol_60,0.16327913664967675,2021
2021-08-04,factor_pe,-0.2313038526153933,2021
2021-08-04,factor_momentum_20,-0.3052672342606565,2021
2021-08-04,factor_vol_60,-0.142262592898431,2021
2021-08-05,factor_pe,-0.19292007175602943,2021
2021-08-05,factor_momentum_20,-0.2441971582334348,2021
2021-08-05,factor_vol_60,0.010252000341695374,2021
2021-08-06,factor_pe,-0.19814345510976955,2021
2021-08-06,factor_momentum_20,-0.2773097183860587,2021
2021-08-06,factor_vol_60,-0.008657421908368686,2021
2021-08-09,factor_pe,-0.25734787436999906,2021
2021-08-09,factor_momentum_20,-0.20342606566246182,2021
2021-08-09,factor_vol_60,-0.13806657364959132,2021
2021-08-10,factor_pe,-0.45272701386713726,2021
2021-08-10,factor_momentum_20,-0.17170078874683212,2021
2021-08-10,factor_vol_60,-0.31558643469347064,2021
2021-08-11,factor_pe,-0.36155357498789814,2021
2021-08-11,factor_momentum_20,-0.058731740653207645,2021
2021-08-11,factor_vol_60,-0.35791565819072285,2021
2021-08-12,factor_pe,-0.30055183803639046,2021
2021-08-12,factor_momentum_20,-0.0919855348956405,2021
2021-08-12,factor_vol_60,-0.4093795381417465,2021
2021-08-13,factor_pe,-0.3131877331359092,2021
2021-08-13,factor_momentum_20,0.044649335117742515,2021
2021-08-13,factor_vol_60,-0.41436829066886854,2021
2021-08-16,factor_pe,-0.08249323727896576,2021
2021-08-16,factor_momentum_20,0.1833184316182123,2021
2021-08-16,factor_vol_60,-0.12549446168740563,2021
2021-08-17,factor_pe,0.2950345966570801,2021
2021-08-17,factor_momentum_20,0.14212591474700298,2021
2021-08-17,factor_vol_60,0.1426657934451436,2021
2021-08-18,factor_pe,0.3316643412397846,2021
2021-08-18,factor_momentum_20,-0.010636977134884247,2021
2021-08-18,factor_vol_60,0.3208075400780203,2021
2021-08-19,factor_pe,0.08826333323841791,2021
2021-08-19,factor_momentum_20,0.11457843332668921,2021
2021-08-19,factor_vol_60,0.12525299695321615,2021
2021-08-20,factor_pe,0.17892422904980204,2021
2021-08-20,factor_momentum_20,-0.047628918818872955,2021
2021-08-20,factor_vol_60,0.2754577294342093,2021
2021-08-23,factor_pe,0.11288362424898199,2021
2021-08-23,factor_momentum_20,-0.0998718642330362,2021
2021-08-23,factor_vol_60,0.18155528346479108,2021
2021-08-24,factor_pe,-0.08769611890999171,2021
2021-08-24,factor_momentum_20,0.1467570261112218,2021
2021-08-24,factor_vol_60,0.03792477006748482,2021
2021-08-25,factor_pe,-0.30181155499871853,2021
2021-08-25,factor_momentum_20,0.29307326518408827,2021
2021-08-25,factor_vol_60,-0.2005899940203308,2021
2021-08-26,factor_pe,-0.2420968706398245,2021
2021-08-26,factor_momentum_20,0.5494108602181154,2021
2021-08-26,factor_vol_60,-0.10924570745180667,2021
2021-08-27,factor_pe,-0.3691209886386285,2021
2021-08-27,factor_momentum_20,0.2962669779891226,2021
2021-08-27,factor_vol_60,-0.3118847347589623,2021
2021-08-30,factor_pe,-0.36306386856117756,2021
2021-08-30,factor_momentum_20,0.10355761838321133,2021
2021-08-30,factor_vol_60,-0.3445530909194452,2021
2021-08-31,factor_pe,-0.3204180073464505,2021
2021-08-31,factor_momentum_20,0.008299780745465415,2021
2021-08-31,factor_vol_60,-0.2564480765397647,2021
2021-09-01,factor_pe,-0.25407215467410793,2021
2021-09-01,factor_momentum_20,0.25335915031749184,2021
2021-09-01,factor_vol_60,-0.12071983826418743,2021
2021-09-02,factor_pe,-0.12746490503715932,2021
2021-09-02,factor_momentum_20,0.17451180272786804,2021
2021-09-02,factor_vol_60,-0.11161251744070157,2021
2021-09-03,factor_pe,0.036756171872775405,2021
2021-09-03,factor_momentum_20,0.11973803354309628,2021
2021-09-03,factor_vol_60,0.11539394629687628,2021
2021-09-06,factor_pe,-0.20274723084370275,2021
2021-09-06,factor_momentum_20,0.3056613229306072,2021
2021-09-06,factor_vol_60,-0.08157749366439816,2021
2021-09-07,factor_pe,-0.0627910817506193,2021
2021-09-07,factor_momentum_20,0.10976280645804261,2021
2021-09-07,factor_vol_60,-0.10557134314758389,2021
2021-09-08,factor_pe,-0.0030786753609157425,2021
2021-09-08,factor_momentum_20,0.02729576582476721,2021
2021-09-08,factor_vol_60,-0.0025798001082035357,2021
2021-09-09,factor_pe,-0.03830291295310229,2021
2021-09-09,factor_momentum_20,-0.1560055810245166,2021
2021-09-09,factor_vol_60,-0.08745465417580224,2021
2021-09-10,factor_pe,-0.06195051111933709,2021
2021-09-10,factor_momentum_20,0.03674250405763261,2021
2021-09-10,factor_vol_60,-0.19999088812323806,2021
2021-09-13,factor_pe,0.046585608929639206,2021
2021-09-13,factor_momentum_20,-0.005666448361285911,2021
2021-09-13,factor_vol_60,-0.09858481164042253,2021
2021-09-14,factor_pe,-0.009643782567840766,2021
2021-09-14,factor_momentum_20,0.12549901762578655,2021
2021-09-14,factor_vol_60,-0.1825370881858822,2021
2021-09-15,factor_pe,0.050567499074574994,2021
2021-09-15,factor_momentum_20,-0.11856943534838686,2021
2021-09-15,factor_vol_60,-0.2127725732509467,2021
2021-09-16,factor_pe,0.12090663173780569,2021
2021-09-16,factor_momentum_20,-0.3320903214784019,2021
2021-09-16,factor_vol_60,-0.14942908397163923,2021
2021-09-17,factor_pe,0.04805717702668069,2021
2021-09-17,factor_momentum_20,-0.13434437199236876,2021
2021-09-17,factor_vol_60,-0.18167373786269533,2021
2021-09-22,factor_pe,-0.11011133574418401,2021
2021-09-22,factor_momentum_20,-0.4065115749309489,2021
2021-09-22,factor_vol_60,-0.36399555796007843,2021
2021-09-23,factor_pe,-0.08886471710470112,2021
2021-09-23,factor_momentum_20,-0.34028417665651056,2021
2021-09-23,factor_vol_60,-0.29931945670434795,2021
2021-09-24,factor_pe,-0.18687661949372128,2021
2021-09-24,factor_momentum_20,-0.3042672057860416,2021
2021-09-24,factor_vol_60,-0.4643879381531363,2021
2021-09-27,factor_pe,-0.2786605541160055,2021
2021-09-27,factor_momentum_20,-0.1253805632278823,2021
2021-09-27,factor_vol_60,-0.38595973689455837,2021
2021-09-28,factor_pe,-0.19604544548534975,2021
2021-09-28,factor_momentum_20,-0.1756644551382442,2021
2021-09-28,factor_vol_60,-0.37972721318944147,2021
2021-09-29,factor_pe,-0.007174463965374866,2021
2021-09-29,factor_momentum_20,-0.29351291323784834,2021
2021-09-29,factor_vol_60,-0.16557077365528625,2021
2021-09-30,factor_pe,-0.021773968507075935,2021
2021-09-30,factor_momentum_20,-0.286082177738546,2021
2021-09-30,factor_vol_60,-0.273869984908454,2021
2021-10-08,factor_pe,0.1016782938010763,2021
2021-10-08,factor_momentum_20,-0.2379783023434607,2021
2021-10-08,factor_vol_60,0.038728893191719564,2021
2021-10-11,factor_pe,0.1655047125487627,2021
2021-10-11,factor_momentum_20,-0.21744696602978436,2021
2021-10-11,factor_vol_60,0.2208707537230558,2021
2021-10-12,factor_pe,0.2950892679176513,2021
2021-10-12,factor_momentum_20,-0.35917081921467,2021
2021-10-12,factor_vol_60,0.4185233064722798,2021
2021-10-13,factor_pe,0.206355534041402,2021
2021-10-13,factor_momentum_20,-0.266689826020103,2021
2021-10-13,factor_vol_60,0.419124690338563,2021
2021-10-14,factor_pe,0.03897491386428997,2021
2021-10-14,factor_momentum_20,-0.15681426008713226,2021
2021-10-14,factor_vol_60,0.3592027107833365,2021
2021-10-15,factor_pe,0.03437341609954724,2021
2021-10-15,factor_momentum_20,-0.19166718870127275,2021
2021-10-15,factor_vol_60,0.10948033827842474,2021
2021-10-18,factor_pe,0.22460890116461166,2021
2021-10-18,factor_momentum_20,-0.017994817620091683,2021
2021-10-18,factor_vol_60,0.244901050713289,2021
2021-10-19,factor_pe,0.1908698994846094,2021
2021-10-19,factor_momentum_20,-0.009372704234175229,2021
2021-10-19,factor_vol_60,0.18726615222529108,2021
2021-10-20,factor_pe,0.04342378769327143,2021
2021-10-20,factor_momentum_20,0.18672171758876954,2021
2021-10-20,factor_vol_60,0.05775449187049743,2021
2021-10-21,factor_pe,0.09101739798969215,2021
2021-10-21,factor_momentum_20,0.2710999743728465,2021
2021-10-21,factor_vol_60,-0.009201856544890226,2021
2021-10-22,factor_pe,0.12398189014493574,2021
2021-10-22,factor_momentum_20,0.11737122355420138,2021
2021-10-22,factor_vol_60,0.09484894216805714,2021
2021-10-25,factor_pe,-0.006780375295424127,2021
2021-10-25,factor_momentum_20,0.2234084114012357,2021
2021-10-25,factor_vol_60,-0.13572482132179156,2021
2021-10-26,factor_pe,0.13021669181924309,2021
2021-10-26,factor_momentum_20,0.3050872746946096,2021
2021-10-26,factor_vol_60,-0.18137304592955372,2021
2021-10-27,factor_pe,0.1012409237165067,2021
2021-10-27,factor_momentum_20,0.20252854580141796,2021
2021-10-27,factor_vol_60,-0.25276915629716096,2021
2021-10-28,factor_pe,0.23001907799197008,2021
2021-10-28,factor_momentum_20,0.17844585551980402,2021
2021-10-28,factor_vol_60,-0.11905692075514673,2021
2021-10-29,factor_pe,0.11577436715168422,2021
2021-10-29,factor_momentum_20,0.2923807625501864,2021
2021-10-29,factor_vol_60,-0.3264933511774252,2021
2021-11-01,factor_pe,0.0990927987698966,2021
2021-11-01,factor_momentum_20,0.22539024459694174,2021
2021-11-01,factor_vol_60,-0.12856288618696426,2021
2021-11-02,factor_pe,0.018254506107804883,2021
2021-11-02,factor_momentum_20,0.2035581878755089,2021
2021-11-02,factor_vol_60,-0.061624761525100345,2021
2021-11-03,factor_pe,0.07061590591987241,2021
2021-11-03,factor_momentum_20,0.2440377003901021,2021
2021-11-03,factor_vol_60,-0.24931803297360394,2021
2021-11-04,factor_pe,-0.16753666106665902,2021
2021-11-04,factor_momentum_20,0.06027848173353453,2021
2021-11-04,factor_vol_60,-0.3728910276488509,2021
2021-11-05,factor_pe,0.026541758022722732,2021
2021-11-05,factor_momentum_20,0.027113528289529874,2021
2021-11-05,factor_vol_60,-0.05223725049118708,2021
2021-11-08,factor_pe,0.05919872433725332,2021
2021-11-08,factor_momentum_20,-0.06675702611122182,2021
2021-11-08,factor_vol_60,-0.3536900253424071,2021
2021-11-09,factor_pe,-0.05723739286426149,2021
2021-11-09,factor_momentum_20,-0.214326148238845,2021
2021-11-09,factor_vol_60,-0.3874768643754092,2021
2021-11-10,factor_pe,0.05793217346735383,2021
2021-11-10,factor_momentum_20,-0.24811298727184705,2021
2021-11-10,factor_vol_60,-0.15092798769896631,2021
2021-11-11,factor_pe,0.17964178934479905,2021
2021-11-11,factor_momentum_20,-0.14552236680998884,2021
2021-11-11,factor_vol_60,0.009511660354793698,2021
2021-11-12,factor_pe,0.054335260115606916,2021
2021-11-12,factor_momentum_20,-0.27444175517526115,2021
2021-11-12,factor_vol_60,0.07138130356786922,2021
2021-11-15,factor_pe,0.23146558842791642,2021
2021-11-15,factor_momentum_20,-0.23649534440046688,2021
2021-11-15,factor_vol_60,0.40585779777328496,2021
2021-11-16,factor_pe,0.15723340641817812,2021
2021-11-16,factor_momentum_20,-0.30355875736780646,2021
2021-11-16,factor_vol_60,0.47948859591674003,2021
2021-11-17,factor_pe,-0.0022472166063953977,2021
2021-11-17,factor_momentum_20,-0.31711950795865473,2021
2021-11-17,factor_vol_60,0.2836379167971752,2021
2021-11-18,factor_pe,-0.0017802329223497245,2021
2021-11-18,factor_momentum_20,-0.23813320424841244,2021
2021-11-18,factor_vol_60,0.23954098920812086,2021
2021-11-19,factor_pe,0.0655337566559412,2021
2021-11-19,factor_momentum_20,-0.13076568239414557,2021
2021-11-19,factor_vol_60,0.11353740140664594,2021
2021-11-22,factor_pe,-0.045230217261311524,2021
2021-11-22,factor_momentum_20,-0.11341894700874167,2021
2021-11-22,factor_vol_60,0.17565306529229185,2021
2021-11-23,factor_pe,0.10192659244283717,2021
2021-11-23,factor_momentum_20,-0.024056493635923566,2021
2021-11-23,factor_vol_60,0.17327714342663508,2021
2021-11-24,factor_pe,0.03404994447450097,2021
2021-11-24,factor_momentum_20,-0.1254967396565961,2021
2021-11-24,factor_vol_60,0.13908026993934902,2021
2021-11-25,factor_pe,-0.07081636720863348,2021
2021-11-25,factor_momentum_20,-0.142980153193428,2021
2021-11-25,factor_vol_60,0.17739571172299887,2021
2021-11-26,factor_pe,-0.09257552891597137,2021
2021-11-26,factor_momentum_20,-0.12097724878271017,2021
2021-11-26,factor_vol_60,0.20418462940288726,2021
2021-11-29,factor_pe,-0.2715692360260826,2021
2021-11-29,factor_momentum_20,-0.18591303852615387,2021
2021-11-29,factor_vol_60,0.13433298214641642,2021
2021-11-30,factor_pe,-0.38770921723283674,2021
2021-11-30,factor_momentum_20,-0.20092257752213893,2021
2021-11-30,factor_vol_60,0.045173268031549856,2021
2021-12-01,factor_pe,-0.13562914661579198,2021
2021-12-01,factor_momentum_20,-0.16909251402374775,2021
2021-12-01,factor_vol_60,0.12279734616589305,2021
2021-12-02,factor_pe,-0.006910219539280728,2021
2021-12-02,factor_momentum_20,-0.2092098294370568,2021
2021-12-02,factor_vol_60,0.05387055440075171,2021
2021-12-03,factor_pe,-0.009582277399698165,2021
2021-12-03,factor_momentum_20,-0.37934451436544303,2021
2021-12-03,factor_vol_60,-0.065342407243942,2021
2021-12-06,factor_pe,0.1479939633816452,2021
2021-12-06,factor_momentum_20,-0.12813235000996606,2021
2021-12-06,factor_vol_60,0.16902645291722423,2021
2021-12-07,factor_pe,0.4186349269626127,2021
2021-12-07,factor_momentum_20,-0.226362937441271,2021
2021-12-07,factor_vol_60,0.059214670121586585,2021
2021-12-08,factor_pe,0.06866140835445197,2021
2021-12-08,factor_momentum_20,-0.02290156325635695,2021
2021-12-08,factor_vol_60,0.016951507730857934,2021
2021-12-09,factor_pe,-0.08286226828782138,2021
2021-12-09,factor_momentum_20,0.18377858139468656,2021
2021-12-09,factor_vol_60,0.16412654118853037,2021
2021-12-10,factor_pe,-0.2272809590250291,2021
2021-12-10,factor_momentum_20,0.23899427660240885,2021
2021-12-10,factor_vol_60,0.06501893561889573,2021
2021-12-13,factor_pe,-0.41779663430052094,2021
2021-12-13,factor_momentum_20,0.13193883652723593,2021
2021-12-13,factor_vol_60,-0.2511882456789771,2021
2021-12-14,factor_pe,-0.5177106409635808,2021
2021-12-14,factor_momentum_20,0.1450257695264671,2021
2021-12-14,factor_vol_60,-0.13382955095532328,2021
2021-12-15,factor_pe,-0.3403775733933197,2021
2021-12-15,factor_momentum_20,0.06452689427375492,2021
2021-12-15,factor_vol_60,-0.1737008456960619,2021
2021-12-16,factor_pe,-0.20192260599675382,2021
2021-12-16,factor_momentum_20,0.13770893248668806,2021
2021-12-16,factor_vol_60,-0.10801560408895465,2021
2021-12-17,factor_pe,-0.07168655143939176,2021
2021-12-17,factor_momentum_20,-0.02001082035365471,2021
2021-12-17,factor_vol_60,-0.19912753780005119,2021
2021-12-20,factor_pe,-0.017331928585665873,2021
2021-12-20,factor_momentum_20,0.12217546057689564,2021
2021-12-20,factor_vol_60,-0.10424100914035134,2021
2021-12-21,factor_pe,0.10897235114895067,2021
2021-12-21,factor_momentum_20,-0.0407243942025684,2021
2021-12-21,factor_vol_60,-0.147085053674649,2021
2021-12-22,factor_pe,-0.12472223013183742,2021
2021-12-22,factor_momentum_20,-0.08346593012329505,2021
2021-12-22,factor_vol_60,-0.35940545004128804,2021
2021-12-23,factor_pe,0.05441498903727325,2021
2021-12-23,factor_momentum_20,-0.13140351376747625,2021
2021-12-23,factor_vol_60,-0.3547105555397362,2021
2021-12-24,factor_pe,0.1424061049574304,2021
2021-12-24,factor_momentum_20,-0.11791110225234198,2021
2021-12-24,factor_vol_60,-0.05640365614055068,2021
2021-12-27,factor_pe,-0.10203137902559864,2021
2021-12-27,factor_momentum_20,-0.08009909165978527,2021
2021-12-27,factor_vol_60,-0.23069107890315774,2021
2021-12-28,factor_pe,-0.4099786440388392,2021
2021-12-28,factor_momentum_20,0.024730772516301708,2021
2021-12-28,factor_vol_60,-0.47671175147356115,2021
2021-12-29,factor_pe,-0.40881915772089167,2021
2021-12-29,factor_momentum_20,0.1631515703750106,2021
2021-12-29,factor_vol_60,-0.34281044448873815,2021
2021-12-30,factor_pe,-0.5714046527520713,2021
2021-12-30,factor_momentum_20,0.08045445485349807,2021
2021-12-30,factor_vol_60,-0.4525265525783762,2021
2021-12-31,factor_pe,-0.56417437854153,2021
2021-12-31,factor_momentum_20,0.04425752441698224,2021
2021-12-31,factor_vol_60,-0.4818576838748254,2021
2022-01-04,factor_pe,-0.504972237250491,2022
2022-01-04,factor_momentum_20,0.0929491158632079,2022
2022-01-04,factor_vol_60,-0.446795182095162,2022
2022-01-05,factor_pe,-0.33181240923716493,2022
2022-01-05,factor_momentum_20,-0.1457023263760357,2022
2022-01-05,factor_vol_60,-0.21986616931006,2022
2022-01-06,factor_pe,-0.40441584327571956,2022
2022-01-06,factor_momentum_20,0.05369287280389531,2022
2022-01-06,factor_vol_60,-0.40353882513738987,2022
2022-01-07,factor_pe,-0.026127167630057794,2022
2022-01-07,factor_momentum_20,-0.10472849454711121,2022
2022-01-07,factor_vol_60,-0.17250946780944781,2022
2022-01-10,factor_pe,0.1709991742361684,2022
2022-01-10,factor_momentum_20,-0.21922605996753886,2022
2022-01-10,factor_vol_60,-0.09661892422904976,2022
2022-01-11,factor_pe,0.09622255758990855,2022
2022-01-11,factor_momentum_20,-0.18446197215182658,2022
2022-01-11,factor_vol_60,0.2182374213388763,2022
2022-01-12,factor_pe,-0.3137777271562401,2022
2022-01-12,factor_momentum_20,0.33641390700190765,2022
2022-01-12,factor_vol_60,-0.18260314929240576,2022
2022-01-13,factor_pe,-0.24495116603547928,2022
2022-01-13,factor_momentum_20,0.18375124576440097,2022
2022-01-13,factor_vol_60,-0.07577322816708901,2022
2022-01-14,factor_pe,-0.3789162561576353,2022
2022-01-14,factor_momentum_20,0.15141091716734525,2022
2022-01-14,factor_vol_60,-0.19336883168655136,2022
2022-01-17,factor_pe,-0.43428457530111886,2022
2022-01-17,factor_momentum_20,0.04989777613257779,2022
2022-01-17,factor_vol_60,-0.10566473988439302,2022
2022-01-18,factor_pe,-0.3328944446026366,2022
2022-01-18,factor_momentum_20,0.14676613798798366,2022
2022-01-18,factor_vol_60,-0.2940755716278936,2022
2022-01-19,factor_pe,-0.16373245251857962,2022
2022-01-19,factor_momentum_20,0.07429254819328565,2022
2022-01-19,factor_vol_60,-0.14130812380762545,2022
2022-01-20,factor_pe,-0.18504513226458605,2022
2022-01-20,factor_momentum_20,0.05976366069648906,2022
2022-01-20,factor_vol_60,-0.05061078048919386,2022
2022-01-21,factor_pe,-0.2336364930664312,2022
2022-01-21,factor_momentum_20,0.11363079814345506,2022
2022-01-21,factor_vol_60,-0.13709615877445253,2022
2022-01-24,factor_pe,-0.4691898972066401,2022
2022-01-24,factor_momentum_20,0.30339702155528336,2022
2022-01-24,factor_vol_60,-0.16838634357470308,2022
2022-01-25,factor_pe,-0.5354195734502689,2022
2022-01-25,factor_momentum_20,0.21724650474102328,2022
2022-01-25,factor_vol_60,-0.14506221703351457,2022
2022-01-26,factor_pe,-0.39395085281471554,2022
2022-01-26,factor_momentum_20,0.1780380990347105,2022
2022-01-26,factor_vol_60,-0.07178906005296276,2022
2022-01-27,factor_pe,-0.37387966627751346,2022
2022-01-27,factor_momentum_20,0.1592539650901221,2022
2022-01-27,factor_vol_60,-0.09472137589339101,2022
2022-01-28,factor_pe,-0.45538312594322145,2022
2022-01-28,factor_momentum_20,0.29722828098749954,2022
2022-01-28,factor_vol_60,-0.12187704661294452,2022
2022-02-07,factor_pe,-0.2697126911358523,2022
2022-02-07,factor_momentum_20,0.2282035365471681,2022
2022-02-07,factor_vol_60,-0.2808815740767105,2022
2022-02-08,factor_pe,0.22960220963011466,2022
2022-02-08,factor_momentum_20,-0.1931547025826475,2022
2022-02-08,factor_vol_60,0.057679318887212026,2022
2022-02-09,factor_pe,-0.07979384378826274,2022
2022-02-09,factor_momentum_20,0.060216976565391926,2022
2022-02-09,factor_vol_60,-0.011197357555739054,2022
2022-02-10,factor_pe,0.2094809077707223,2022
2022-02-10,factor_momentum_20,-0.1899040405478515,2022
2022-02-10,factor_vol_60,0.13748113556764138,2022
2022-02-11,factor_pe,0.32379395768672214,2022
2022-02-11,factor_momentum_20,-0.2811344286568523,2022
2022-02-11,factor_vol_60,0.4163478458953841,2022
2022-02-14,factor_pe,0.23963894188331095,2022
2022-02-14,factor_momentum_20,-0.2813121102537087,2022
2022-02-14,factor_vol_60,0.3750869899484608,2022
2022-02-15,factor_pe,-0.12497508471197923,2022
2022-02-15,factor_momentum_20,0.24658902588342482,2022
2022-02-15,factor_vol_60,0.10461459608758787,2022
2022-02-16,factor_pe,0.34569663145305946,2022
2022-02-16,factor_momentum_20,-0.225337851305561,2022
2022-02-16,factor_vol_60,0.2836470286739371,2022
2022-02-17,factor_pe,0.18860332014009504,2022
2022-02-17,factor_momentum_20,-0.10177624647626637,2022
2022-02-17,factor_vol_60,0.1524952305020074,2022
2022-02-18,factor_pe,0.47800336000455573,2022
2022-02-18,factor_momentum_20,-0.38340613343204516,2022
2022-02-18,factor_vol_60,0.325208576554002,2022
2022-02-21,factor_pe,0.39131979839972647,2022
2022-02-21,factor_momentum_20,-0.2528169936501608,2022
2022-02-21,factor_vol_60,0.3740687377203222,2022
2022-02-22,factor_pe,0.4379839972664368,2022
2022-02-22,factor_momentum_20,-0.2721888436458896,2022
2022-02-22,factor_vol_60,0.3787317406532075,2022
2022-02-23,factor_pe,0.0536860388963239,2022
2022-02-23,factor_momentum_20,0.20799567185853804,2022
2022-02-23,factor_vol_60,0.1524952305020074,2022
2022-02-24,factor_pe,-0.2863760357641162,2022
2022-02-24,factor_momentum_20,0.15111705914177503,2022
2022-02-24,factor_vol_60,0.012823827557732276,2022
2022-02-25,factor_pe,-0.41908140892394413,2022
2022-02-25,factor_momentum_20,0.2662228423360573,2022
2022-02-25,factor_vol_60,-0.16371650673424634,2022
2022-02-28,factor_pe,-0.4952111392693412,2022
2022-02-28,factor_momentum_20,0.2660793302770579,2022
2022-02-28,factor_vol_60,-0.233205956889433,2022
2022-03-01,factor_pe,-0.4330726956917906,2022
2022-03-01,factor_momentum_20,0.3187960932828382,2022
2022-03-01,factor_vol_60,-0.2195449756542042,2022
2022-03-02,factor_pe,-0.35431646686978546,2022
2022-03-02,factor_momentum_20,0.3039870155756142,2022
2022-03-02,factor_vol_60,-0.11360574048235993,2022
2022-03-03,factor_pe,-0.011231527093596054,2022
2022-03-03,factor_momentum_20,0.10350066915344966,2022
2022-03-03,factor_vol_60,0.10351889290697339,2022
2022-03-04,factor_pe,-0.025036020387824244,2022
2022-03-04,factor_momentum_20,0.19373786269540696,2022
2022-03-04,factor_vol_60,0.00436344998433896,2022
2022-03-07,factor_pe,0.0725521797317691,2022
2022-03-07,factor_momentum_20,-0.0969173381930009,2022
2022-03-07,factor_vol_60,-0.14669779891226967,2022
2022-03-08,factor_pe,0.11547823115692356,2022
2022-03-08,factor_momentum_20,-0.04629402887325947,2022
2022-03-08,factor_vol_60,-0.08061391269683074,2022
2022-03-09,factor_pe,0.08829750277627492,2022
2022-03-09,factor_momentum_20,-0.16587374355761833,2022
2022-03-09,factor_vol_60,-0.09413593781144106,2022
2022-03-10,factor_pe,0.07653634784589536,2022
2022-03-10,factor_momentum_20,-0.24426777527833926,2022
2022-03-10,factor_vol_60,-0.14195734502690846,2022
2022-03-11,factor_pe,-0.06298015319342803,2022
2022-03-11,factor_momentum_20,-0.139251117628634,2022
2022-03-11,factor_vol_60,-0.14028987157948683,2022
2022-03-14,factor_pe,0.09116091004869155,2022
2022-03-14,factor_momentum_20,-0.12939662291067508,2022
2022-03-14,factor_vol_60,0.2118340499444744,2022
2022-03-15,factor_pe,-0.22319200432814137,2022
2022-03-15,factor_momentum_20,-0.2787926763290525,2022
2022-03-15,factor_vol_60,0.1941182835502149,2022
2022-03-16,factor_pe,-0.1522218741991514,2022
2022-03-16,factor_momentum_20,-0.29437626356103525,2022
2022-03-16,factor_vol_60,0.030576041459039253,2022
2022-03-17,factor_pe,-0.31064096358096743,2022
2022-03-17,factor_momentum_20,-0.07120589994020328,2022
2022-03-17,factor_vol_60,-0.14726729120988633,2022
2022-03-18,factor_pe,-0.21441498903727318,2022
2022-03-18,factor_momentum_20,0.058027848173353436,2022
2022-03-18,factor_vol_60,-0.295756712890458,2022
2022-03-21,factor_pe,-0.4095754434921266,2022
2022-03-21,factor_momentum_20,0.04063555340414019,2022
2022-03-21,factor_vol_60,-0.3672986132862552,2022
2022-03-22,factor_pe,-0.2904581565534325,2022
2022-03-22,factor_momentum_20,0.20330988923374804,2022
2022-03-22,factor_vol_60,-0.28866083886215427,2022
2022-03-23,factor_pe,-0.39202596884877117,2022
2022-03-23,factor_momentum_20,0.2899934508385773,2022
2022-03-23,factor_vol_60,-0.23080497736268107,2022
2022-03-24,factor_pe,-0.4620347959793842,2022
2022-03-24,factor_momentum_20,0.2372539081408923,2022
2022-03-24,factor_vol_60,-0.3461681710754861,2022
2022-03-25,factor_pe,-0.45144679518209496,2022
2022-03-25,factor_momentum_20,0.3148870981519974,2022
2022-03-25,factor_vol_60,-0.18155528346479108,2022
2022-03-28,factor_pe,-0.5001976138272728,2022
2022-03-28,factor_momentum_20,0.28488852188274144,2022
2022-03-28,factor_vol_60,-0.28420057518722047,2022
2022-03-29,factor_pe,-0.43180386685270067,2022
2022-03-29,factor_momentum_20,0.09415643953415526,2022
2022-03-29,factor_vol_60,-0.2752732139297815,2022
2022-03-30,factor_pe,-0.5862091745209144,2022
2022-03-30,factor_momentum_20,0.3526535493607448,2022
2022-03-30,factor_vol_60,-0.27378570004840674,2022
2022-03-31,factor_pe,-0.6008656282923771,2022
2022-03-31,factor_momentum_20,0.2618833110282182,2022
2022-03-31,factor_vol_60,-0.27455793160397496,2022
2022-04-01,factor_pe,-0.5221230672855147,2022
2022-04-01,factor_momentum_20,0.2651772544776331,2022
2022-04-01,factor_vol_60,-0.2496005011532218,2022
2022-04-06,factor_pe,-0.3464255815940088,2022
2022-04-06,factor_momentum_20,0.29378626954070436,2022
2022-04-06,factor_vol_60,-0.12365386258150854,2022
2022-04-07,factor_pe,-0.2599629830006548,2022
2022-04-07,factor_momentum_20,0.23534041402090028,2022
2022-04-07,factor_vol_60,-0.003805347532674619,2022
2022-04-08,factor_pe,-0.09372818132634753,2022
2022-04-08,factor_momentum_20,0.1252370511688829,2022
2022-04-08,factor_vol_60,-0.12461060964150455,2022
2022-04-11,factor_pe,0.2893191719581992,2022
2022-04-11,factor_momentum_20,-0.5028468919957856,2022
2022-04-11,factor_vol_60,0.17465531478686744,2022
2022-04-12,factor_pe,0.1715663885645946,2022
2022-04-12,factor_momentum_20,-0.27028446140265944,2022
2022-04-12,factor_vol_60,0.18150972408098173,2022
2022-04-13,factor_pe,0.17578290953614845,2022
2022-04-13,factor_momentum_20,-0.38367493379652023,2022
2022-04-13,factor_vol_60,-0.01824995016942395,2022
2022-04-14,factor_pe,-0.07495771519690193,2022
2022-04-14,factor_momentum_20,-0.2465639682223297,2022
2022-04-14,factor_vol_60,-0.3317531820382128,2022
2022-04-15,factor_pe,-0.1899450439932799,2022
2022-04-15,factor_momentum_20,-0.010327173324980775,2022
2022-04-15,factor_vol_60,-0.2873920100230643,2022
2022-04-18,factor_pe,-0.4340977818275006,2022
2022-04-18,factor_momentum_20,0.4492121074062472,2022
2022-04-18,factor_vol_60,-0.3805655058515332,2022
2022-04-19,factor_pe,-0.32632022551894974,2022
2022-04-19,factor_momentum_20,0.31902161223269443,2022
2022-04-19,factor_vol_60,-0.264874284575301,2022
2022-04-20,factor_pe,-0.22293459380961864,2022
2022-04-20,factor_momentum_20,0.33403342919787,2022
2022-04-20,factor_vol_60,-0.031140977818274997,2022
2022-04-21,factor_pe,-0.16454340955038577,2022
2022-04-21,factor_momentum_20,0.33134086961473835,2022
2022-04-21,factor_vol_60,0.1365904496141689,2022
2022-04-22,factor_pe,0.1540556393974771,2022
2022-04-22,factor_momentum_20,-0.0700350237763034,2022
2022-04-22,factor_vol_60,0.2911711609100486,2022
2022-04-25,factor_pe,0.3428901734104045,2022
2022-04-25,factor_momentum_20,-0.2912235542014293,2022
2022-04-25,factor_vol_60,0.4144480195905349,2022
2022-04-26,factor_pe,0.3731507161365641,2022
2022-04-26,factor_momentum_20,-0.42559412283948844,2022
2022-04-26,factor_vol_60,0.3113494119992026,2022
2022-04-27,factor_pe,0.2666397106979127,2022
2022-04-27,factor_momentum_20,-0.27065121444232454,2022
2022-04-27,factor_vol_60,0.0926620917452091,2022
2022-04-28,factor_pe,0.42188558899740863,2022
2022-04-28,factor_momentum_20,-0.46227853868276414,2022
2022-04-28,factor_vol_60,0.043710811811270234,2022
2022-04-29,factor_pe,0.3787522423759217,2022
2022-04-29,factor_momentum_20,-0.34984253537970883,2022
2022-04-29,factor_vol_60,0.13230786753609153,2022
2022-05-05,factor_pe,0.4456880890685952,2022
2022-05-05,factor_momentum_20,-0.3318898601896408,2022
2022-05-05,factor_vol_60,0.12870639824596367,2022
2022-05-06,factor_pe,0.3498060878726614,2022
2022-05-06,factor_momentum_20,-0.20662433440587707,2022
2022-05-06,factor_vol_60,0.23414448019590525,2022
2022-05-09,factor_pe,0.15837011304422102,2022
2022-05-09,factor_momentum_20,-0.030514536290896652,2022
2022-05-09,factor_vol_60,0.41540248868134044,2022
2022-05-10,factor_pe,0.16044762094592666,2022
2022-05-10,factor_momentum_20,-0.17044790569207544,2022
2022-05-10,factor_vol_60,0.41607221162333763,2022
2022-05-11,factor_pe,0.13160169708704683,2022
2022-05-11,factor_momentum_20,-0.01646402232409806,2022
2022-05-11,factor_vol_60,0.11422990404054781,2022
2022-05-12,factor_pe,0.004185768387482558,2022
2022-05-12,factor_momentum_20,-0.003721062672627351,2022
2022-05-12,factor_vol_60,0.2131552720749451,2022
2022-05-13,factor_pe,0.15518551211594858,2022
2022-05-13,factor_momentum_20,-0.10445058230587427,2022
2022-05-13,factor_vol_60,0.41176684985335554,2022
2022-05-16,factor_pe,0.2808906859534724,2022
2022-05-16,factor_momentum_20,-0.17795837011304416,2022
2022-05-16,factor_vol_60,0.2807745095247586,2022
2022-05-17,factor_pe,-0.05412340898089351,2022
2022-05-17,factor_momentum_20,-0.028409692758905425,2022
2022-05-17,factor_vol_60,-0.0048532133602893004,2022
2022-05-18,factor_pe,-0.21101170306671593,2022
2022-05-18,factor_momentum_20,0.04348529286141403,2022
2022-05-18,factor_vol_60,0.08871437113813033,2022
2022-05-19,factor_pe,-0.15264785443776868,2022
2022-05-19,factor_momentum_20,-0.14515333580113324,2022
2022-05-19,factor_vol_60,-0.005258691876192372,2022
2022-05-20,factor_pe,-0.2833508926791764,2022
2022-05-20,factor_momentum_20,-0.10328426208035532,2022
2022-05-20,factor_vol_60,-0.08268003075258404,2022
2022-05-23,factor_pe,-0.13015290868191,2022
2022-05-23,factor_momentum_20,0.14472735556251595,2022
2022-05-23,factor_vol_60,0.06771377317121784,2022
2022-05-24,factor_pe,0.2763324696033485,2022
2022-05-24,factor_momentum_20,0.14955665024630535,2022
2022-05-24,factor_vol_60,0.36773826134001525,2022
2022-05-25,factor_pe,0.3634602352003188,2022
2022-05-25,factor_momentum_20,0.20766764429511084,2022
2022-05-25,factor_vol_60,0.2332674620575756,2022
2022-05-26,factor_pe,0.4490321478402003,2022
2022-05-26,factor_momentum_20,0.3781303567869243,2022
2022-05-26,factor_vol_60,0.33138870696773814,2022
2022-05-27,factor_pe,0.5254056208889772,2022
2022-05-27,factor_momentum_20,0.4696454910447334,2022
2022-05-27,factor_vol_60,0.4189629545260399,2022
2022-05-30,factor_pe,0.4285099234032858,2022
2022-05-30,factor_momentum_20,0.24478943022295613,2022
2022-05-30,factor_vol_60,0.32817904837837053,2022
2022-05-31,factor_pe,0.30492098294370557,2022
2022-05-31,factor_momentum_20,0.3497013012898999,2022
2022-05-31,factor_vol_60,0.3385324183490417,2022
2022-06-01,factor_pe,0.08663458526723422,2022
2022-06-01,factor_momentum_20,-0.0390683106010991,2022
2022-06-01,factor_vol_60,0.12980210142657816,2022
2022-06-02,factor_pe,0.07636094421822942,2022
2022-06-02,factor_momentum_20,-0.03725504712548761,2022
2022-06-02,factor_vol_60,0.05910532760044418,2022
2022-06-06,factor_pe,0.028774167829380096,2022
2022-06-06,factor_momentum_20,0.0169264500697628,2022
2022-06-06,factor_vol_60,-0.08730203024004096,2022
2022-06-07,factor_pe,-0.10190836868931344,2022
2022-06-07,factor_momentum_20,0.06898032404111731,2022
2022-06-07,factor_vol_60,-0.18068965517241373,2022
2022-06-08,factor_pe,-0.1318294940060935,2022
2022-06-08,factor_momentum_20,-0.12140778495970837,2022
2022-06-08,factor_vol_60,-0.32687832797061406,2022
2022-06-09,factor_pe,0.22173638201543316,2022
2022-06-09,factor_momentum_20,0.12503431191093137,2022
2022-06-09,factor_vol_60,-0.14221703351462167,2022
2022-06-10,factor_pe,0.15612403542242084,2022
2022-06-10,factor_momentum_20,0.0972111962185711,2022
2022-06-10,factor_vol_60,-0.06010080013667813,2022
2022-06-13,factor_pe,-0.02288106153364275,2022
2022-06-13,factor_momentum_20,-0.25316096699792123,2022
2022-06-13,factor_vol_60,-0.002010307810586861,2022
2022-06-14,factor_pe,-0.015199749423389043,2022
2022-06-14,factor_momentum_20,-0.4090925140237477,2022
2022-06-14,factor_vol_60,-0.008336228252512881,2022
2022-06-15,factor_pe,-0.017937868390330014,2022
2022-06-15,factor_momentum_20,-0.2593160397505623,2022
2022-06-15,factor_vol_60,0.01911330049261083,2022
2022-06-16,factor_pe,0.032596600130983214,2022
2022-06-16,factor_momentum_20,0.04319371280503429,2022
2022-06-16,factor_vol_60,0.06243116261852556,2022
2022-06-17,factor_pe,0.12178137190694491,2022
2022-06-17,factor_momentum_20,-0.00048406845297417335,2022
2022-06-17,factor_vol_60,0.07170933113129642,2022
2022-06-20,factor_pe,0.11216834192317544,2022
2022-06-20,factor_momentum_20,0.21534212249779314,2022
2022-06-20,factor_vol_60,0.19566730259973225,2022
2022-06-21,factor_pe,0.30870468976907073,2022
2022-06-21,factor_momentum_20,0.2658925368034396,2022
2022-06-21,factor_vol_60,0.39998747116945227,2022
2022-06-22,factor_pe,0.07741108801503456,2022
2022-06-22,factor_momentum_20,-0.029607904553090907,2022
2022-06-22,factor_vol_60,0.16890799851931995,2022
2022-06-23,factor_pe,-0.005794014635952046,2022
2022-06-23,factor_momentum_20,-0.08186223981320649,2022
2022-06-23,factor_vol_60,0.0658002790512258,2022
2022-06-24,factor_pe,-0.10488339645206295,2022
2022-06-24,factor_momentum_20,-0.21060850252000332,2022
2022-06-24,factor_vol_60,0.03482673196845011,2022
2022-06-27,factor_pe,-0.1238679916854124,2022
2022-06-27,factor_momentum_20,-0.1441214157578518,2022
2022-06-27,factor_vol_60,-0.05059255673567013,2022
2022-06-28,factor_pe,-0.1937082490959309,2022
2022-06-28,factor_momentum_20,-0.2813189441612801,2022
2022-06-28,factor_vol_60,-0.16175517526125452,2022
2022-06-29,factor_pe,-0.004552521427147696,2022
2022-06-29,factor_momentum_20,-0.12433041943107714,2022
2022-06-29,factor_vol_60,-0.11478800649221214,2022
2022-06-30,factor_pe,-0.03680400922577521,2022
2022-06-30,factor_momentum_20,-0.17976707765027472,2022
2022-06-30,factor_vol_60,-0.015459437911102247,2022
2022-07-01,factor_pe,-0.039945328739428784,2022
2022-07-01,factor_momentum_20,-0.25017227142002896,2022
2022-07-01,factor_vol_60,-0.14674335829607899,2022
2022-07-04,factor_pe,-0.34818872974743004,2022
2022-07-04,factor_momentum_20,-0.2131211025370881,2022
2022-07-04,factor_vol_60,-0.42004498989151157,2022
2022-07-05,factor_pe,-0.3343682906688686,2022
2022-07-05,factor_momentum_20,-0.061702212477576214,2022
2022-07-05,factor_vol_60,-0.46294142771718994,2022
2022-07-06,factor_pe,-0.3665286596998774,2022
2022-07-06,factor_momentum_20,0.045724536575642794,2022
2022-07-06,factor_vol_60,-0.37523961388422206,2022
2022-07-07,factor_pe,-0.17693100600814368,2022
2022-07-07,factor_momentum_20,-0.04719154873430335,2022
2022-07-07,factor_vol_60,-0.2605461431134143,2022
2022-07-08,factor_pe,-0.1113847205216549,2022
2022-07-08,factor_momentum_20,0.03915259546114637,2022
2022-07-08,factor_vol_60,-0.11818445855519799,2022
2022-07-11,factor_pe,0.005176684985335571,2022
2022-07-11,factor_momentum_20,-0.10091517412226995,2022
2022-07-11,factor_vol_60,0.19264899342236388,2022
2022-07-12,factor_pe,0.2647786098693014,2022
2022-07-12,factor_momentum_20,-0.2807107263874255,2022
2022-07-12,factor_vol_60,0.30341068937042615,2022
2022-07-13,factor_pe,0.2878293801076339,2022
2022-07-13,factor_momentum_20,-0.2152760613912696,2022
2022-07-13,factor_vol_60,0.25497423047353274,2022
2022-07-14,factor_pe,0.20338278424784298,2022
2022-07-14,factor_momentum_20,-0.3346940402631053,2022
2022-07-14,factor_vol_60,0.016051709900623587,2022
2022-07-15,factor_pe,0.09638657137162215,2022
2022-07-15,factor_momentum_20,-0.32514934935504985,2022
2022-07-15,factor_vol_60,-0.09627267291209883,2022
2022-07-18,factor_pe,0.11193826703493831,2022
2022-07-18,factor_momentum_20,-0.20505936957202645,2022
2022-07-18,factor_vol_60,-0.30554514650189346,2022
2022-07-19,factor_pe,0.06661123608303195,2022
2022-07-19,factor_momentum_20,-0.07616048292946835,2022
2022-07-19,factor_vol_60,-0.18485150488339638,2022
2022-07-20,factor_pe,-0.075397363250662,2022
2022-07-20,factor_momentum_20,-0.13198667388023572,2022
2022-07-20,factor_vol_60,-0.20651726985392516,2022
2022-07-21,factor_pe,-0.1015279478345055,2022
2022-07-21,factor_momentum_20,-0.09672143284262076,2022
2022-07-21,factor_vol_60,-0.03851020814943476,2022
2022-07-22,factor_pe,-0.08820638400865624,2022
2022-07-22,factor_momentum_20,-0.06445172129046953,2022
2022-07-22,factor_vol_60,-0.036113784561063796,2022
2022-07-25,factor_pe,0.05597995387112387,2022
2022-07-25,factor_momentum_20,-0.0435422420911757,2022
2022-07-25,factor_vol_60,0.2969549246846435,2022
2022-07-26,factor_pe,0.009236026082747227,2022
2022-07-26,factor_momentum_20,0.08067541786497334,2022
2022-07-26,factor_vol_60,0.00817904837837068,2022
2022-07-27,factor_pe,0.18510891540191912,2022
2022-07-27,factor_momentum_20,0.11647825963153843,2022
2022-07-27,factor_vol_60,0.023764913579543828,2022
2022-07-28,factor_pe,0.2016834192317548,2022
2022-07-28,factor_momentum_20,0.24479626413052755,2022
2022-07-28,factor_vol_60,-0.028049773626811686,2022
2022-07-29,factor_pe,0.2835422420911756,2022
2022-07-29,factor_momentum_20,-0.03476978273868844,2022
2022-07-29,factor_vol_60,-0.1264420968706398,2022
2022-08-01,factor_pe,0.21226914205985356,2022
2022-08-01,factor_momentum_20,-0.05496170164298526,2022
2022-08-01,factor_vol_60,-0.11014322731285055,2022
2022-08-02,factor_pe,0.2946815114325578,2022
2022-08-02,factor_momentum_20,-0.13640821207893158,2022
2022-08-02,factor_vol_60,0.14748369828298066,2022
2022-08-03,factor_pe,0.15314900765967135,2022
2022-08-03,factor_momentum_20,-0.007415928699564336,2022
2022-08-03,factor_vol_60,0.09986730829465527,2022
2022-08-04,factor_pe,0.1831749195592129,2022
2022-08-04,factor_momentum_20,-0.027209202995529473,2022
2022-08-04,factor_vol_60,0.15745892536803432,2022
2022-08-05,factor_pe,-0.18039351917765306,2022
2022-08-05,factor_momentum_20,-0.14400523932913803,2022
2022-08-05,factor_vol_60,-0.0029852786241066076,2022
2022-08-08,factor_pe,-0.17768045787180722,2022
2022-08-08,factor_momentum_20,-0.15329707565705167,2022
2022-08-08,factor_vol_60,0.07103733022010875,2022
2022-08-09,factor_pe,-0.2738380933397875,2022
2022-08-09,factor_momentum_20,-0.2834830148922235,2022
2022-08-09,factor_vol_60,0.018131495771519682,2022
2022-08-10,factor_pe,-0.33220877587630615,2022
2022-08-10,factor_momentum_20,-0.48592385887980843,2022
2022-08-10,factor_vol_60,0.028726330476380294,2022
2022-08-11,factor_pe,-0.3473959964691476,2022
2022-08-11,factor_momentum_20,-0.2823668099888948,2022
2022-08-11,factor_vol_60,-0.036432700247729134,2022
2022-08-12,factor_pe,-0.4062723881659499,2022
2022-08-12,factor_momentum_20,-0.19492924058202105,2022
2022-08-12,factor_vol_60,-0.13041715310800417,2022
2022-08-15,factor_pe,-0.3510453031122753,2022
2022-08-15,factor_momentum_20,-0.21933312451949077,2022
2022-08-15,factor_vol_60,0.009734901335459433,2022
2022-08-16,factor_pe,-0.2517326803154986,2022
2022-08-16,factor_momentum_20,-0.04793872262877643,2022
2022-08-16,factor_vol_60,0.056164469375551675,2022
2022-08-17,factor_pe,-0.3507172755488481,2022
2022-08-17,factor_momentum_20,0.01731370483214214,2022
2022-08-17,factor_vol_60,-0.20020273925795146,2022
2022-08-18,factor_pe,-0.422302457359264,2022
2022-08-18,factor_momentum_20,-0.021623622540505132,2022
2022-08-18,factor_vol_60,-0.26753039665138517,2022
2022-08-19,factor_pe,-0.24540903784276308,2022
2022-08-19,factor_momentum_20,-0.0022494945755858644,2022
2022-08-19,factor_vol_60,-0.1426999629830006,2022
2022-08-22,factor_pe,-0.24337025541729537,2022
2022-08-22,factor_momentum_20,-0.061654375124576416,2022
2022-08-22,factor_vol_60,-0.2979048378370681,2022
2022-08-23,factor_pe,-0.29659044961416886,2022
2022-08-23,factor_momentum_20,-0.2604504684074147,2022
2022-08-23,factor_vol_60,-0.38948375523221035,2022
2022-08-24,factor_pe,-0.17276687832797055,2022
2022-08-24,factor_momentum_20,-0.2647467183006349,2022
2022-08-24,factor_vol_60,-0.3909849369287279,2022
2022-08-25,factor_pe,-0.0945095247586776,2022
2022-08-25,factor_momentum_20,-0.2988479170819213,2022
2022-08-25,factor_vol_60,-0.44774737321677704,2022
2022-08-26,factor_pe,-0.18925026339018758,2022
2022-08-26,factor_momentum_20,-0.1155101227255901,2022
2022-08-26,factor_vol_60,-0.40590791309547525,2022
2022-08-29,factor_pe,-0.30092086904524606,2022
2022-08-29,factor_momentum_20,0.18093339787579366,2022
2022-08-29,factor_vol_60,-0.2762709644352059,2022
2022-08-30,factor_pe,-0.24859363877103552,2022
2022-08-30,factor_momentum_20,0.3940693072126198,2022
2022-08-30,factor_vol_60,-0.09202881631025937,2022
2022-08-31,factor_pe,-0.15081864517782392,2022
2022-08-31,factor_momentum_20,0.10019533585808248,2022
2022-08-31,factor_vol_60,0.21664512087474008,2022
2022-09-01,factor_pe,-0.1601765426122611,2022
2022-09-01,factor_momentum_20,0.16193741279649188,2022
2022-09-01,factor_vol_60,0.2357550044135652,2022
2022-09-02,factor_pe,-0.17801531934280582,2022
2022-09-02,factor_momentum_20,0.22002562715339266,2022
2022-09-02,factor_vol_60,0.20586121472707072,2022
2022-09-05,factor_pe,0.07518779008513907,2022
2022-09-05,factor_momentum_20,-0.2648469489450154,2022
2022-09-05,factor_vol_60,0.20855377431020236,2022
2022-09-06,factor_pe,-0.033268601042170894,2022
2022-09-06,factor_momentum_20,-0.16364361172015143,2022
2022-09-06,factor_vol_60,-0.07219226059967536,2022
2022-09-07,factor_pe,-0.12433725333864855,2022
2022-09-07,factor_momentum_20,-0.031471283350892665,2022
2022-09-07,factor_vol_60,-0.41403115122867945,2022
2022-09-08,factor_pe,-0.08703778581394683,2022
2022-09-08,factor_momentum_20,-0.12188388052051591,2022
2022-09-08,factor_vol_60,-0.3811896694097211,2022
2022-09-09,factor_pe,-0.16937270423417516,2022
2022-09-09,factor_momentum_20,0.044947749081693654,2022
2022-09-09,factor_vol_60,-0.28108203536547155,2022
2022-09-13,factor_pe,-0.12452176884307635,2022
2022-09-13,factor_momentum_20,0.12082006890856796,2022
2022-09-13,factor_vol_60,-0.23900111050998027,2022
2022-09-14,factor_pe,-0.31925168712093155,2022
2022-09-14,factor_momentum_20,0.2439921410062928,2022
2022-09-14,factor_vol_60,-0.32919274466812826,2022
2022-09-15,factor_pe,-0.04041003445428399,2022
2022-09-15,factor_momentum_20,0.04987955237905405,2022
2022-09-15,factor_vol_60,0.06273868845923856,2022
2022-09-16,factor_pe,-0.16475753865428963,2022
2022-09-16,factor_momentum_20,0.14231270822062125,2022
2022-09-16,factor_vol_60,-0.12450126712036215,2022
2022-09-19,factor_pe,-0.04245792875651355,2022
2022-09-19,factor_momentum_20,0.12995472536233943,2022
2022-09-19,factor_vol_60,-0.060212420627010994,2022
2022-09-20,factor_pe,-0.13295481078618407,2022
2022-09-20,factor_momentum_20,0.39797830234346065,2022
2022-09-20,factor_vol_60,-0.21088641476124026,2022
2022-09-21,factor_pe,-0.10371935419573446,2022
2022-09-21,factor_momentum_20,0.3850326034340384,2022
2022-09-21,factor_vol_60,-0.3351724137931033,2022
2022-09-22,factor_pe,-0.017206640280190203,2022
2022-09-22,factor_momentum_20,0.13382043907856142,2022
2022-09-22,factor_vol_60,-0.27008855605227927,2022
2022-09-23,factor_pe,-0.03613656425296846,2022
2022-09-23,factor_momentum_20,0.234299382100857,2022
2022-09-23,factor_vol_60,-0.21639454426378874,2022
2022-09-26,factor_pe,-0.3164361172015147,2022
2022-09-26,factor_momentum_20,0.3036772117657108,2022
2022-09-26,factor_vol_60,-0.4458429909735469,2022
2022-09-27,factor_pe,-0.3523688032119364,2022
2022-09-27,factor_momentum_20,0.15350437085338414,2022
2022-09-27,factor_vol_60,-0.3686699507389161,2022
2022-09-28,factor_pe,-0.06271363079814343,2022
2022-09-28,factor_momentum_20,-0.13983655571058395,2022
2022-09-28,factor_vol_60,-0.013361428286682417,2022
2022-09-29,factor_pe,-0.059667985990489454,2022
2022-09-29,factor_momentum_20,-0.1877764173239556,2022
2022-09-29,factor_vol_60,-0.14115777784105465,2022
2022-09-30,factor_pe,0.17174179219226055,2022
2022-09-30,factor_momentum_20,-0.3134542555311938,2022
2022-09-30,factor_vol_60,0.20083145875452027,2022
2022-10-10,factor_pe,0.29809618724906733,2022
2022-10-10,factor_momentum_20,-0.48562316694666685,2022
2022-10-10,factor_vol_60,0.3997050029898344,2022
2022-10-11,factor_pe,0.3096978843361142,2022
2022-10-11,factor_momentum_20,-0.3661026794612601,2022
2022-10-11,factor_vol_60,0.35333010621031335,2022
2022-10-12,factor_pe,0.19602266579344507,2022
2022-10-12,factor_momentum_20,-0.27143027990546414,2022
2022-10-12,factor_vol_60,0.20895697485691497,2022
2022-10-13,factor_pe,0.1259682792790227,2022
2022-10-13,factor_momentum_20,-0.19630285600387246,2022
2022-10-13,factor_vol_60,0.12479968108431329,2022
2022-10-14,factor_pe,-0.08615621173723621,2022
2022-10-14,factor_momentum_20,0.028396024943762626,2022
2022-10-14,factor_vol_60,-0.037027250206440945,2022
2022-10-17,factor_pe,-0.0056823941456191785,2022
2022-10-17,factor_momentum_20,0.14631965602665217,2022
2022-10-17,factor_vol_60,-0.032277684444317875,2022
2022-10-18,factor_pe,-0.03242347447250775,2022
2022-10-18,factor_momentum_20,0.1600193627381189,2022
2022-10-18,factor_vol_60,-0.009746291181411768,2022
2022-10-19,factor_pe,0.20710042996668462,2022
2022-10-19,factor_momentum_20,0.13867023548506502,2022
2022-10-19,factor_vol_60,0.11526638002221015,2022
2022-10-20,factor_pe,0.18941427717190118,2022
2022-10-20,factor_momentum_20,0.19006122042199372,2022
2022-10-20,factor_vol_60,0.03997494233890485,2022
2022-10-21,factor_pe,0.12237819983484718,2022
2022-10-21,factor_momentum_20,0.18422506335601804,2022
2022-10-21,factor_vol_60,-0.12924399897491382,2022
2022-10-24,factor_pe,0.18348016743073542,2022
2022-10-24,factor_momentum_20,0.20194766365784894,2022
2022-10-24,factor_vol_60,-0.11795893960534179,2022
2022-10-25,factor_pe,0.2650519661721574,2022
2022-10-25,factor_momentum_20,0.02048691591446225,2022
2022-10-25,factor_vol_60,-0.002600301830917736,2022
2022-10-26,factor_pe,0.25324297388877803,2022
2022-10-26,factor_momentum_20,0.023443719923688024,2022
2022-10-26,factor_vol_60,0.14346991656937835,2022
2022-10-27,factor_pe,0.3174498134912724,2022
2022-10-27,factor_momentum_20,0.017015290868191,2022
2022-10-27,factor_vol_60,0.224654460548421,2022
2022-10-28,factor_pe,0.33058686181269387,2022
2022-10-28,factor_momentum_20,-0.18073521455622304,2022
2022-10-28,factor_vol_60,0.4328881801873628,2022
2022-10-31,factor_pe,0.059693043651584586,2022
2022-10-31,factor_momentum_20,-0.4560414590392663,2022
2022-10-31,factor_vol_60,0.3569589111307268,2022
2022-11-01,factor_pe,-0.08306728551496338,2022
2022-11-01,factor_momentum_20,-0.45590705885702876,2022
2022-11-01,factor_vol_60,0.33611093709957557,2022
2022-11-02,factor_pe,-0.25306529229192165,2022
2022-11-02,factor_momentum_20,-0.3301312679746005,2022
2022-11-02,factor_vol_60,-0.0031766280361058105,2022
2022-11-03,factor_pe,-0.31038127509325425,2022
2022-11-03,factor_momentum_20,-0.4578319428229731,2022
2022-11-03,factor_vol_60,-0.09849141490361339,2022
2022-11-04,factor_pe,-0.2864261510863064,2022
2022-11-04,factor_momentum_20,-0.47603747259318296,2022
2022-11-04,factor_vol_60,-0.3298784133944587,2022
2022-11-07,factor_pe,-0.2065195478231156,2022
2022-11-07,factor_momentum_20,-0.33234545402773413,2022
2022-11-07,factor_vol_60,-0.42373302201087715,2022
2022-11-08,factor_pe,-0.0315920157179874,2022
2022-11-08,factor_momentum_20,-0.19998405421566665,2022
2022-11-08,factor_vol_60,-0.268808337367237,2022
2022-11-09,factor_pe,0.03753979327429595,2022
2022-11-09,factor_momentum_20,-0.22993023719354186,2022
2022-11-09,factor_vol_60,-0.13818047210911466,2022
2022-11-10,factor_pe,0.13346279791565813,2022
2022-11-10,factor_momentum_20,0.009639226629459832,2022
2022-11-10,factor_vol_60,-0.11031863094051648,2022
2022-11-11,factor_pe,0.14345624875423554,2022
2022-11-11,factor_momentum_20,0.09783763774594945,2022
2022-11-11,factor_vol_60,-0.182414077849597,2022
2022-11-14,factor_pe,0.25173040234630817,2022
2022-11-14,factor_momentum_20,0.12393860873031687,2022
2022-11-14,factor_vol_60,0.008500242034226484,2022
2022-11-15,factor_pe,-0.16068452974173517,2022
2022-11-15,factor_momentum_20,-0.08829750277627492,2022
2022-11-15,factor_vol_60,-0.3434915572766877,2022
2022-11-16,factor_pe,-0.29771804436344984,2022
2022-11-16,factor_momentum_20,-0.21024858338790958,2022
2022-11-16,factor_vol_60,-0.42408610723539947,2022
2022-11-17,factor_pe,-0.3480793872262876,2022
2022-11-17,factor_momentum_20,-0.3332224721660638,2022
2022-11-17,factor_vol_60,-0.31603975056237354,2022
2022-11-18,factor_pe,-0.455649648338506,2022
2022-11-18,factor_momentum_20,-0.3110168284973944,2022
2022-11-18,factor_vol_60,-0.44210712150118153,2022
2022-11-21,factor_pe,-0.5140157749366437,2022
2022-11-21,factor_momentum_20,-0.3477194680941939,2022
2022-11-21,factor_vol_60,-0.4355625160169707,2022
2022-11-22,factor_pe,-0.46863179475497574,2022
2022-11-22,factor_momentum_20,-0.05010051539052932,2022
2022-11-22,factor_vol_60,-0.29405279193598893,2022
2022-11-23,factor_pe,-0.30773199692474146,2022
2022-11-23,factor_momentum_20,0.18019305788889198,2022
2022-11-23,factor_vol_60,-0.09249579999430504,2022
2022-11-24,factor_pe,-0.0875252712207067,2022
2022-11-24,factor_momentum_20,0.2328483157265297,2022
2022-11-24,factor_vol_60,-0.005953472479284716,2022
2022-11-25,factor_pe,0.07984851504883393,2022
2022-11-25,factor_momentum_20,0.09244796264130524,2022
2022-11-25,factor_vol_60,0.05420769384094078,2022
2022-11-28,factor_pe,-0.04786127167630056,2022
2022-11-28,factor_momentum_20,0.3560500014237306,2022
2022-11-28,factor_vol_60,-0.026097554030581727,2022
2022-11-29,factor_pe,0.11659215809106177,2022
2022-11-29,factor_momentum_20,0.22424898203251792,2022
2022-11-29,factor_vol_60,-0.024029158005637964,2022
2022-11-30,factor_pe,0.06226942680600243,2022
2022-11-30,factor_momentum_20,0.13717360972692838,2022
2022-11-30,factor_vol_60,-0.050870468976907064,2022
2022-12-01,factor_pe,-0.18245280332583494,2022
2022-12-01,factor_momentum_20,0.32683049061761427,2022
2022-12-01,factor_vol_60,-0.15963210797573957,2022
2022-12-02,factor_pe,-0.1349913152424613,2022
2022-12-02,factor_momentum_20,0.3410518522736979,2022
2022-12-02,factor_vol_60,0.048341923175489035,2022
2022-12-05,factor_pe,0.10634129673396163,2022
2022-12-05,factor_momentum_20,-0.2133534553945157,2022
2022-12-05,factor_vol_60,0.12930094820467547,2022
2022-12-06,factor_pe,-0.09351405222244366,2022
2022-12-06,factor_momentum_20,0.09257780688516185,2022
2022-12-06,factor_vol_60,0.03695891113072694,2022
2022-12-07,factor_pe,-0.10608844215381982,2022
2022-12-07,factor_momentum_20,0.24124718813178042,2022
2022-12-07,factor_vol_60,0.001814402460206725,2022
2022-12-08,factor_pe,0.041145818502804736,2022
2022-12-08,factor_momentum_20,-0.005281471568097039,2022
2022-12-08,factor_vol_60,0.07118767618667955,2022
2022-12-09,factor_pe,-0.07676414476494202,2022
2022-12-09,factor_momentum_20,0.1561900965289444,2022
2022-12-09,factor_vol_60,-0.123246106096415,2022
2022-12-12,factor_pe,-0.22301432273128496,2022
2022-12-12,factor_momentum_20,0.24871437113813025,2022
2022-12-12,factor_vol_60,-0.1419072297047182,2022
2022-12-13,factor_pe,0.011552720749451859,2022
2022-12-13,factor_momentum_20,-0.1069722941997209,2022
2022-12-13,factor_vol_60,-0.16101711324354331,2022
2022-12-14,factor_pe,-0.12684301944816193,2022
2022-12-14,factor_momentum_20,0.033361997778980024,2022
2022-12-14,factor_vol_60,-0.3060485776929866,2022
2022-12-15,factor_pe,-0.2161462456220279,2022
2022-12-15,factor_momentum_20,0.46822176030069174,2022
2022-12-15,factor_vol_60,-0.32291693954839246,2022
2022-12-16,factor_pe,0.021291039038696995,2022
2022-12-16,factor_momentum_20,0.2988501950511118,2022
2022-12-16,factor_vol_60,-0.19292007175602943,2022
2022-12-19,factor_pe,0.1791656937839915,2022
2022-12-19,factor_momentum_20,-0.11268544092941138,2022
2022-12-19,factor_vol_60,-0.034660440217546044,2022
2022-12-20,factor_pe,0.06394145619180498,2022
2022-12-20,factor_momentum_20,0.16548876676442945,2022
2022-12-20,factor_vol_60,0.009415985648794097,2022
2022-12-21,factor_pe,0.032334633674079544,2022
2022-12-21,factor_momentum_20,-0.013477604715396219,2022
2022-12-21,factor_vol_60,-0.10773085794014632,2022
2022-12-22,factor_pe,0.1620239756257296,2022
2022-12-22,factor_momentum_20,-0.3103858310316352,2022
2022-12-22,factor_vol_60,-0.06739257951536202,2022
2022-12-23,factor_pe,0.045512685440929394,2022
2022-12-23,factor_momentum_20,-0.298768188160255,2022
2022-12-23,factor_vol_60,-0.1324240439648053,2022
